书本名字,作者,状态,类型,点击,字数,收藏数
遇见你,Bottle,连载,青春校园,7485,29704,2
干一票大的,酉时三刻,完结,悬疑推理,7481,178643,5
我用余生回答,素履以往,连载,都市爱情,7372,10976,3
皇后黄花菜,我爱吃肉不吃菜,连载,古代言情,7369,12128,15
完美爱情标本店,殷小棠,连载,都市爱情,7351,113757,3
浮巷旧人,我是心语,连载,都市爱情,7341,25228,1
异界神尊至霸苍穹崛起录,简氏南风瑾,连载,奇幻空间,7336,32783,1
更生,莨昏昏,连载,玄幻言情,7323,30145,0
沉默恋人,白金金,连载,青春校园,7298,7477,37
宋你一片赤诚,宇文伽画,连载,青春校园,7270,35678,1
嫌疑人的告白,苑子文,连载,悬疑推理,7780,134555,14
你可能是个假爱豆,W吴白,连载,娱乐明星,7776,26026,1
I come from the moon,丝芍,完结,青春校园,7647,29980,9
确认过眼神，遇上对的人,许七年,完结,都市爱情,7634,92419,13
一念之间,允凡,连载,推理破案,7589,7634,3
芙美的梦幻之恋,海明,连载,都市爱情,7578,68749,0
重生校园：恶魔校草很嚣张,水千湫,连载,青春校园,7574,1439,26
蜜糖水,朝歌夜弦,连载,都市爱情,7539,22996,2
岁月不回首,伍月,连载,都市爱情,7516,80077,1
青春典当铺,印象九州,连载,青春校园,7511,26574,5
蜗牛爱情,听夜,连载,都市爱情,8085,19819,1
我宁愿从未认识你,颜汐说,连载,都市爱情,8067,53775,0
换种方式来爱你,艾海,连载,都市爱情,8025,65692,0
时光浅处,芥子九,连载,校园甜宠,8025,30487,1
有梦初见青梅竹马两小无猜,童童,连载,校园甜宠,8000,20099,3
晚安，人类：阿郎看电影私享笔记,阿郎,完结,励志人生,7969,75815,1
女皇：权倾天下,狐狸坐在沙丘上,连载,时空穿越,7855,13947,0
爱哭鬼的差脾气男孩,不哭的小猫,连载,青春校园,7840,17784,0
何草不黄,余鲸落,连载,古代言情,7819,11536,11
观月天湜死亡事件,萧半纯,连载,都市爱情,7815,35630,0
给我们一个机会吧,圆子,连载,都市爱情,8743,28807,0
幸好，风往北吹,允凡,连载,都市爱情,8641,25371,2
那不勒斯的天空,马西米利亚诺· 威尔吉利奥,完结,外国文学,8627,123165,30
轻轻留下你的身影,伍月,连载,都市甜宠,8608,24288,1
来，咬一口小甜饼,茉香奶绿,连载,青春校园,8514,7056,23
为你写本书,鹿白,连载,都市爱情,8514,16238,1
《莫离》,莫离,连载,古代言情,8506,8627,0
与子成说,简心归晨,连载,古代言情,8497,33651,3
草莓味的心事,清桉,连载,青春校园,8460,2784,23
薄暮染汐,南浅,连载,校园甜宠,8387,12496,12
倾尽一生，所幸是你,柒大大,连载,娱乐明星,8368,14913,2
瑾年遇君,瑾年微末,连载,古代言情,8333,35342,2
倒数七秒,五顺儿,完结,青春校园,8296,30199,11
时光遇见你,伤心的泪,连载,,8237,2053,2
良辰锦时,飞天小狗,连载,青春校园,8157,27159,0
医妃萌宝：娇妻在上请做主,王甜,完结,古代言情,8152,748176,4
你的喜欢与我有关,苏杭,连载,青春校园,8150,47379,1
与神比肩；十一殿的夜,壹落,连载,重生异能,8117,4379,8
唤,敬启颂安,连载,都市爱情,8101,21721,1
湾湾的溪,云有,连载,都市爱情,8101,53677,0
原味,葳蕤,连载,青春校园,9392,14004,46
淮生今梦,幸鹿,连载,宫斗宅斗,9378,10386,31
终有繁花开陌路,相若,连载,都市爱情,9325,34919,0
炸裂吧，青春！,扉初,连载,青春校园,9282,12552,70
九州山海录,伊雪枫叶,连载,仙侠神话,9257,46826,4
傲娇先生了解一下,蛐蛐的哥哥,连载,都市甜宠,9225,26981,14
农家医女锄作田,非我上河图,连载,种田经商,9150,11396,3
你本来就很美,艾海,连载,都市爱情,9134,70786,0
她的少年与往昔,道听途说,连载,青春校园,9115,16135,2
既白已初临,孙汝繁,连载,青春校园,9105,35727,0
云雀吁,什为为,连载,仙侠神话,9091,53046,1
放学别走,麻雀,连载,都市爱情,9060,9946,1
明珠岂蒙尘（又名无尽雪路）,枯试,连载,古代言情,8982,43642,12
当天使摘下面具,不哭的小猫,连载,青春校园,8980,29875,0
幸运,仓鼠兰,连载,青春校园,8937,35348,6
卿沐璃雪,我是心语,连载,总裁豪门,8937,36781,1
你是无意穿堂风上,小天狼星,连载,青春校园,8874,71334,0
大师兄，我来陪你,异情,连载,玄幻言情,8843,16799,5
星际小富婆,灵岁,连载,科幻未来,8804,18429,27
你和我的盛夏时光,叶茶茶,连载,青春校园,8760,24573,4
何以解忧,凡华,连载,青春校园,9963,44891,0
心事·初恋爱,黍荻,连载,青春校园,9927,178292,1
和孩子一起玩，是最好的陪伴,叶萱,完结,励志人生,9811,89753,6
双钗,林桑榆,连载,古代言情,9792,13317,12
那不勒斯的黎明,马西米利亚诺·威尔吉利奥 ,完结,外国文学,9774,153688,28
大圣，你老婆重生了,顾青沅,完结,娱乐明星,9629,496924,63
桑榆非晚,芣苢,连载,都市爱情,9600,9409,14
光阴少年,梦七七,连载,青春校园,9525,26872,5
情至深处不自知,亚雯,连载,都市爱情,9495,28961,9
单身狗之让我们相爱吧,谁家帅哥,连载,都市爱情,9402,18282,0
我吃了记忆面包,草帘,连载,青春校园,10143,19589,1
我的男神是锦鲤,君子简兮,完结,青春校园,10112,174527,11
没时间恋爱的肖先生,伍月,连载,都市爱情,10091,31684,1
妈，下辈子别再骗我了,诡语娜娜,完结,婚姻家庭,10062,18364,13
拂你肩上雪,简一,连载,青春校园,10044,43149,1
一切爱你如初,茶语澄子,连载,青春校园,10025,28115,1
山河依旧,暖宁,连载,古代言情,10019,23003,1
绝对宠妻，今生只被你吃定,伊小姐,连载,青春校园,10013,5517,1
被影帝老公送上热搜,巴达兽,连载,娱乐明星,9979,12228,34
你好 再见,hhe,连载,青春校园,9967,21028,1
谨以此生与你相伴,Sunny,连载,都市爱情,11867,32859,2
春江花月夜终章,多多,完结,古代言情,11784,255509,32
十六楼的烟花,尚源洁,连载,职场白领,11728,129928,1
冷先生他为何这样,甲乙丙丁,完结,职场白领,11719,93399,31
等风,长安十三期,连载,都市爱情,11716,6809,6
知南茶温暖顾北清歌寒,莫潋儿,连载,青春校园,11688,20297,3
桃花醉,yuans,连载,玄幻言情,11671,32307,1
该如何延续的爱情,不哭的小猫,连载,青春校园,11650,51877,0
Boss太帅怎么办,陶参参,连载,都市爱情,11571,37877,2
秦俑两千年,爱德华 · 伯曼,完结,外国文学,11487,175113,5
遇仙集,徒离忧,连载,玄幻言情,10532,32929,1
星动不止一点点,巨蟹座,完结,青春校园,10485,235672,30
可乐不加冰,GG,连载,青春校园,10424,15145,8
本·纪年,木子丫,连载,青春校园,10394,68582,14
我在古代上体校,扉初,连载,青春校园,10270,13294,12
再见 北上广深,谁家帅哥,连载,职场白领,10258,18233,0
他的小酥糖,陆鸠,连载,青春校园,10235,12367,9
公子，一起要饭吧,飞翔的泥鳅,连载,古代言情,10183,13172,19
沙雕直女的青春手帐,青筱,连载,青春校园,10178,26455,1
青春结,心镜,连载,青春校园,10175,12132,29
缘不知何起,乐渝,完结,时空穿越,12277,291537,4
河山依旧,若遇,连载,,12166,20115,5
地狱典当铺,鳌野樵夫,连载,玄幻言情,12163,39623,1
半寸农庄,盛林,完结,励志人生,12160,134548,9
朝朝暮楚,姜佑汐,连载,都市爱情,12137,133981,15
孤人不孤,我思故人,完结,古代言情,12099,210232,2
恋到最初是白头,青酒,连载,青春校园,12093,34612,11
同你长眠于此,问候家明,连载,玄幻言情,12091,19892,12
木都纪,一尾鱼,连载,玄幻言情,12022,29610,1
靳爷，你老婆又跑了！,灵·陌,连载,总裁豪门,11934,30135,1
我相信缘分相信你,南栀北橙,连载,都市爱情,10974,36000,1
念你朝与暮,桐叶落三千,连载,青春校园,10967,31983,56
公子帐中行,七爷,完结,玄幻言情,10912,238249,8
浮世清欢，岁月安好,慕容素衣,连载,励志人生,10882,123197,7
自有南风入梦来,舒景夜,连载,,10875,1879,0
见山是山见水是水，见你是全世界,大柠,完结,都市爱情,10865,71742,23
春庭雪,明欢不欢,连载,古代言情,10842,6826,1
毒妻涅槃，靳帝老婆A爆天,一来二去,连载,都市爱情,10781,27434,3
喜欢你是秘密,宋知寒,连载,青春校园,10732,13399,3
协议撒糖三十天,仙女桥,连载,都市爱情,10672,8857,12
风中的柳絮飘,苏子离陌,完结,都市爱情,12869,223101,68
高考进行时,笔沫丹华,连载,青春校园,12866,58738,0
野花盛放荆棘林,凌翎,连载,青春校园,12769,88441,1
美好的旅程,树某懒,连载,励志人生,12722,48126,5
在裂缝中寻找微光,牛皮明明,完结,励志人生,12716,90010,4
骄阳似火,倾莹,连载,青春校园,12685,16201,5
桑枝记,未由之阙,连载,古代言情,12664,30875,16
总裁老公超甜的,席久久,完结,都市爱情,12648,233712,7
整容之后我成了校花,犄角儿,连载,青春校园,12485,25680,33
胡蝶飞过仓海,香九菱,连载,都市爱情,12327,40662,3
想你在风起时,八十二月,完结,都市甜宠,11469,74253,18
爱定你了温暖王子,不哭的小猫,连载,青春校园,11399,28173,1
漫画里的秘密,落落雨,连载,青春校园,11312,330430,6
他是熠熠生辉的星辰,林姜殊,连载,都市爱情,11305,13182,1
光年之外的爱恋,香九菱,连载,科幻未来,11278,29060,3
而你在身边,鸡蛋羹,连载,青春校园,11270,17057,15
开心坏了,珍妮·罗森,完结,外国文学,11212,181719,13
那个精神病想娶我,查写写,完结,都市爱情,11106,218773,68
有风吹过的梦,营还是营,连载,都市爱情,11094,43907,3
以爱你的名义,小老头,完结,都市爱情,11035,56788,12
你是人间理想,大柠,连载,都市爱情,13436,135751,20
你是我的一口甜,曦曦去偷猪了,连载,都市爱情,13307,6641,0
我们无法再享有天真和浅薄,半岛璞,完结,励志人生,13263,110698,8
有一天我会回来,查写写,完结,奇幻空间,13214,214349,110
想恋你啊,棹鸟,连载,青春校园,13174,6281,0
蜀山奇侠传,忘忧草,连载,仙侠神话,13158,53138,0
执子之手，白头偕老,被忘记的猫,连载,都市爱情,13104,25186,23
只羡鸳鸯不羡仙,东海仙人,连载,仙侠神话,13046,99345,0
冥界奇案簿·暗夜花开,鹿之宠爱,连载,玄幻言情,13043,29156,3
这个暑假回到16岁,君兰喵,完结,都市爱情,13038,120604,2
浮生辞,一只小白出墙来,连载,古代言情,13848,17034,0
那些时光里的我们,宋安晚,完结,青春校园,13823,328555,32
爱的酸甜苦辣,伍月,连载,都市爱情,13822,97527,1
恁时相见早留心,折枝玫瑰,连载,都市甜宠,13663,55854,4
你好，糟糕小姐,伍月,连载,都市爱情,13653,75565,1
农家医女：拐个夫君赚点钱,木子雪烟,完结,时空穿越,13589,122441,36
半步莲,四海升平,连载,古代言情,13588,18817,25
换一种爱情吧,伍月,连载,都市爱情,13534,50007,1
玉树后庭花,瑾年微末,连载,古代言情,13492,1677,0
蜜谋已久，叶总娇妻不太乖,蜜桃雪山,连载,都市爱情,13449,37195,4
偏偏喜欢你,桃之夭夭,连载,都市爱情,14443,16398,98
你是我的小甜甜,车厘子,连载,青春校园,14429,17982,9
江少，你家夫人有点野,芥末海苔,连载,都市爱情,14364,80420,1
浮梦三世,玖漓,完结,古代言情,14354,231244,46
《惊艳》,XCY,连载,青春校园,14340,6714,54
我一见你就笑,个个攸,连载,都市爱情,14266,115749,37
当渣男成了糟糠之妻后,鹿祁,完结,都市爱情,14244,1108430,61
《朋友请听好》,《朋友请听好》节目组,完结,励志人生,14234,50413,27
你是我的璀璨星光,天街小雨,连载,都市爱情,14174,28815,63
抱抱我嘛,一只小狗会飞天啾,连载,都市爱情,13993,9050,3
摊上一只人参精,北林,连载,,14990,5163,2
重启人终结篇,艾米·亭特拉,完结,外国文学,14961,134168,50
心愿男神：超能遇见你,忘川拾泪,完结,青春校园,14865,474341,72
格雷巴旅馆,柯蒂斯·道金斯,完结,外国文学,14846,98100,28
和最好的自己在一起,女王,完结,励志人生,14740,58920,14
许愿地球仪,克莉丝汀娜·奥森,完结,外国文学,14715,63952,37
哪块小饼干都不如你,夏酷酷,连载,都市爱情,14668,46387,50
太阳花,艾海,连载,都市爱情,14642,110218,0
幸得相遇少年时,紫情,连载,都市爱情,14509,23733,3
我的世界全都是你,乔安,连载,都市甜宠,14506,29612,5
你是我最长情的告白,窗子,完结,都市爱情,15508,239254,69
独宠太子妃,白昼之月ncl,完结,古代言情,15476,301049,15
山海亦可平,壹贰叁,连载,仙侠神话,15382,27686,10
只喜欢你,卿幽,连载,青春校园,15302,2730,7
恋上冰淇淋,珍娜·埃文斯·韦尔奇,完结,外国文学,15296,135301,47
我的哥哥他变成了猫,惊蛰,完结,玄幻言情,15155,108611,5
同学你有毒,太妃糖小姐,连载,校园甜宠,15089,20483,55
平生向北栖,半岁音离,连载,都市爱情,15085,30808,43
影后小娇妻,浅笑安然,完结,娱乐明星,15075,110218,40
那个夏天我不爱你,陶参参,连载,娱乐明星,15044,44023,2
清风如你,鸡蛋羹,连载,都市爱情,16042,23011,21
爱你，渐入佳境,蜜豆司康,连载,都市爱情,16007,53942,0
在你指尖转个圈,青笛,连载,游戏竞技,15856,11452,67
权先生，你老婆是戏精,软软的阮,完结,总裁豪门,15781,627310,25
他不想养一条狗,一只小狗会飞天啾,连载,娱乐明星,15778,52517,3
沙海无门（无删减版）,吴有音,完结,推理破案,15686,105309,13
甜心宇宙,橘子茉莉,连载,都市甜宠,15660,80593,0
我喜欢的是你呀,木尧辛,完结,青春校园,15620,296456,23
此生罗衣骨生花,牛QQ,完结,古代言情,15594,737285,7
亲爱的卡西莫多,莫莫,连载,青春校园,15570,23074,31
最后蜗牛会受伤,白槿余,完结,都市爱情,17657,38582,54
死了都要爱,苏ran,完结,娱乐明星,17575,188776,21
以你为名，不负青春,浅陌幽舞,连载,青春校园,17502,41742,2
娇妻还小，秦少要趁早,现实派的猪,连载,重生异能,17356,144717,68
穿越后我成了戏精,子衿娘,完结,古代言情,17260,138502,73
18岁那年发生了什么,凯瑟琳·格拉斯哥,完结,外国文学,17207,189171,35
萌妃来袭,慕容宁音,完结,时空穿越,17161,138015,76
小才女诱神记,马四两,完结,都市爱情,16895,248104,57
小幸运,打伞的蘑菇,完结,都市爱情,16882,124273,7
影后有个神仙QQ群,柠檬精,完结,娱乐明星,16743,561031,38
流水往似千年,hhe,连载,古代言情,16633,32471,1
时光深处的巡礼,与北寺,连载,都市爱情,16622,151019,23
凤临天下：倾城王妃你别惹,许齐,完结,古代言情,16466,1183876,74
我知道你会来，所以我等,骆瑞生,完结,励志人生,16430,105698,18
左岸烽烟，右耳琴弦,北暄,连载,都市爱情,16337,36764,20
初次见面不是你,未兰,连载,都市爱情,16260,58679,4
在总裁的心上作个妖,苏摩酒,连载,总裁豪门,16189,32321,31
家有萌宝：妈咪要翻天,饭米粒,连载,都市甜宠,16182,511647,40
一眨眼就消失,毛竹,完结,科幻未来,16116,807207,54
海底,允凡,完结,推理破案,16111,328909,14
彩虹下,早安喵,完结,青春校园,18360,121584,66
快穿直播：拯救男神99次,禾禾,完结,时空穿越,18314,792947,14
恰逢雏菊花开时,易彩熙,连载,都市爱情,18202,212282,65
喜欢自己，世界才会喜欢你,宛小诺,完结,励志人生,18118,93346,21
我等不到世界变老,李润,完结,职场白领,18065,184861,30
北云卿,四海升平,完结,古代言情,18049,128799,6
认真你就输了,冉求,完结,都市爱情,18000,323229,38
过境之鸟,克拉丽莎·古纳汪,完结,外国文学,17982,151568,36
艳阳时，他来了,独枝不秀,完结,校园甜宠,17863,85712,77
树妖大人，请上座,画楼西畔,完结,仙侠神话,17705,230350,84
地下城的星光,渚汐,完结,科幻未来,19517,525227,21
南风轻轻起，我好喜欢你,稀饭吃土豆,完结,娱乐明星,19456,137933,95
没什么是谈恋爱不能解决的,唐僧,完结,末世洪荒,19414,426789,10
现在挺好的,夜桦,完结,都市爱情,19361,56744,23
轮回客栈,惊鸿,完结,玄幻言情,19360,99300,30
狐狸恋窟,安蓣,连载,都市爱情,19352,53775,4
你的潮水我的浴缸,三十九度风,连载,都市爱情,19311,49934,0
青梅宴,食勿,完结,古代言情,19152,156252,5
摘心,江梨晚,连载,悬疑推理,19109,27145,15
婚情难逃，顾少宠妻一百分,静静荷塘,完结,婚姻家庭,19085,300195,29
呐！我的上神大人,欢喜,连载,玄幻言情,19027,29222,88
一定要爱你,若影凡华,连载,都市爱情,18792,48284,6
第十三个礼物,乔安妮·胡伊斯特·史密斯,完结,外国文学,18729,104235,38
醒来后，我成了白无常,归程,完结,玄幻言情,18691,753051,65
他的可爱多,陆有匪,完结,校园甜宠,18688,143038,51
一任疏雨似当年,子舆,连载,古代言情,18666,30576,36
林医生，你养我啊,柒嘉言,完结,都市爱情,18466,171292,61
暗黑之湖,莎拉·贝利,完结,外国文学,18434,235272,49
时光录,温冬零,连载,青春校园,18387,55355,1
世上没有怀才不遇这件事,温言,完结,励志人生,18360,98709,6
错位时空,简心归晨,连载,科幻未来,21282,6610,3
我的世界里满满都是你,苏棠辛,连载,都市爱情,21274,9723,34
橙子味的暗恋,茶籽森,连载,都市爱情,21254,37546,17
小巷深处繁花开,七根毛,完结,青春校园,21198,148078,15
时光不许我爱你,时珖,完结,都市爱情,21167,234488,53
你的宠爱犯规了,何仙姑,完结,校园甜宠,21149,233668,137
萌宝攻略，爹地追妻三十六计,筱有趣,完结,都市爱情,20977,412467,6
我和邪王组cp,喵小二,完结,宫斗宅斗,20797,883768,16
江总有疾，娇妻别想跑,灼华,完结,都市爱情,20729,309332,4
有你才是全世界,桃夭,连载,都市爱情,20649,32602,20
苑娘,林姜殊,连载,民国情缘,19970,12191,1
问你可以不可以,狐桃君,完结,玄幻言情,19939,109040,4
重生女神打脸手册,一口小甜饼,完结,古代言情,19935,47599,25
书店女孩,辛西娅·斯旺森,完结,外国文学,19917,184232,74
一步之遥：回首就是你,黄连薄荷软糖,完结,古代言情,19866,134194,10
南风寄浮年,九月安歌,完结,都市爱情,19749,107090,17
春江花月夜：珍藏版,多多,完结,古代言情,19717,729405,26
他来时星光璀璨,扛刀找猫,完结,娱乐明星,19647,191762,24
千衷怒,冯本诺,完结,古代言情,19622,108816,59
荒雪迢迢,鸡蛋羹,连载,玄幻言情,19598,30694,25
允我一世柔情,微染,完结,都市爱情,21626,52352,19
海上西州,唐画眠,完结,,21553,89688,12
他的糖好甜,北栀陌上,完结,青春校园,21539,55869,105
限定人生1.0,白槿余,完结,奇幻空间,21401,55797,66
为你渡星海,鹿杳,连载,青春校园,21378,32141,165
早安，安特助,卿非清,完结,都市爱情,21378,875182,30
不孤独星球,十一珺,完结,青春校园,21371,121398,32
致命守护,寻常,完结,都市爱情,21366,333061,65
余光里满满都是你,千奇,完结,校园甜宠,21316,126608,57
守得云开见月明,茶语澄子,连载,都市爱情,21286,113914,1
影帝狂拽：大佬，面基吧,云染,完结,职场白领,20613,45289,10
奈何时光不可戏,姜佑汐,完结,都市爱情,20498,146588,122
民国十年回忆录,简卿兰,连载,民国情缘,20405,46753,3
如果不曾遇见你,子琳,完结,婚姻家庭,20243,480243,64
从此欢喜都是你,胡萝卜,完结,青春校园,20206,618580,64
校草把我宠上天,微寒,完结,青春校园,20187,788918,43
微笑是最好的天气,山亭夜宴,完结,励志人生,20163,91683,4
我把糖果分给你,纪南辰,完结,校园甜宠,20120,46399,87
命里终有你,南水北调,完结,都市甜宠,20082,116305,101
白骨精狂想曲,宋朝好姑娘,完结,都市爱情,20068,130979,53
蓝桉跑过少年时2,岑桑,完结,青春校园,22239,138450,30
唐人,画一江水,连载,古代言情,22224,113855,5
谢谢你来过,女王,完结,励志人生,22059,76580,29
剩下来的孩子,[美] 莉安侬·纳文,完结,外国文学,22009,146623,45
他们与豹,狐狸组合·尼克狐,完结,玄幻言情,21995,116464,11
浮生六记,沈复,完结,古代言情,21958,102805,35
赐我蓝天的少年,壹落,连载,青春校园,21884,134676,103
我把男二扶正了,碧晓,完结,仙侠神话,21692,94126,151
当命运来敲门,朱迪思·克莱儿·米切尔,完结,外国文学,21686,216284,40
像风吹入深海底,李依咪,连载,都市爱情,21628,9907,231
寂静回声,艾玛·克莱儿·斯维尼,完结,外国文学,22715,192246,61
爆笑互换：爷不是女人？,東米子,完结,古代言情,22589,1152699,81
东州少年闯江湖,钺刀,完结,古代言情,22556,336361,15
她的小耳朵,忍冬,连载,校园甜宠,22547,22224,97
最好的时光刚刚开始,小木头,完结,励志人生,22520,81265,24
情到深处自然甜,珈珈里,完结,青春校园,22468,271029,53
做人不要太过分,奥雷莉·瓦洛涅,完结,外国文学,22424,98966,14
娇妻甜腻腻,咕咕鸡,完结,都市爱情,22409,1617302,11
那时春风过,不得拜旦,连载,宫斗宅斗,22408,24806,18
不曾错过旧时光,H小姐,连载,都市爱情,22330,70735,18
将倾一世,冯乔,完结,古代言情,23443,98876,12
我的机器人男友,早安喵,完结,科幻未来,23379,398430,88
年年见，岁岁念,芸浅,完结,青春校园,23141,220649,37
一世恩宠，天价大佬太难缠,一树夏花,连载,都市爱情,23117,339304,7
名门盛宠：君少太霸道,时微,完结,都市爱情,23035,338047,51
媚杀四方,宋徽呀,完结,仙侠神话,22988,196271,45
盛世以歌,唐未归,完结,古代言情,22886,42705,23
余生漫漫，有你相伴,七杭城,连载,都市爱情,22886,58547,6
亿万独宠，帝少娇妻狂上天,木九九,完结,都市爱情,22842,1163017,13
快穿之攻略那个男主,许齐,完结,奇幻空间,22720,1176453,58
你是我的万千星辰,瑆昀,完结,都市爱情,23955,110979,61
哑妻种田：夫君，有点傻,七八九十,完结,古代言情,23954,1096348,30
我家娘子超凶的,翟木子,完结,种田经商,23926,845810,68
错配,薇蓝,完结,都市爱情,23922,361890,20
情深时恋未晚,言怀,连载,都市爱情,23807,13960,32
一路秦意非浓,叶晓囧,连载,游戏竞技,23695,21323,56
愿你成为自己喜欢的样子,女王,完结,励志人生,23689,90845,16
我们的天空,卢克·艾诺特,完结,外国文学,23661,198765,40
无夏情歌,未阴,完结,都市爱情,23588,105811,13
只有你可与我谈昨天,丽香,完结,青春校园,23480,240591,106
看着你的眼睛,长安若梦,完结,都市爱情,24531,137660,69
我猜你也喜欢我,鹿祁,完结,都市爱情,24501,1156491,120
舞动时光：你好，初见,你很皮,完结,职场白领,24460,612944,62
今天你剁手了吗？,疑思,完结,时空穿越,24365,526011,12
锦衣相思引,橙九,连载,古代言情,24338,517214,22
没有你的晚安，我睡不着,小新,完结,励志人生,24271,100155,12
时间的谎言,（美）玛丽·露易丝·凯利,完结,外国文学,24058,197306,38
他的一百种甜,夏酷酷,完结,都市爱情,24054,34159,68
全糖恋爱,路琟,连载,都市爱情,24020,22311,3
见长安,塔希提,完结,古代言情,23995,604437,12
腹黑男神还我钱,四枂,完结,青春校园,26032,951452,25
让一切随遇而安,叶萱,完结,励志人生,26013,90051,40
小姑奶奶要上天,欢喜,完结,都市爱情,25908,131106,155
你不必活在别人的期待里,小木头,完结,励志人生,25691,127419,28
柠檬有点甜,四夕丸子,连载,都市爱情,25560,64653,5
恋爱真人秀,却铬九,完结,都市爱情,25558,147392,19
晚央,卿晚晚,完结,仙侠神话,25550,1109995,36
许朵许朵喜欢你,西悦,连载,都市爱情,25387,66105,8
一眼就心动,一苇以航,完结,青春校园,25364,132084,78
猫大人，您好,默景Zaky,连载,玄幻言情,25291,236201,17
他来了，请闭眼,丁墨,连载,悬疑推理,25245,36829,247
书途同归,冉求,完结,都市爱情,25218,394153,18
你还在等我吗,折耳,连载,都市爱情,25210,55466,4
超模炼成记,郭雯娜,连载,都市爱情,25123,81743,0
偷记忆的男孩,布莱斯•摩尔,完结,外国文学,25012,98756,83
贝克街的神探大人,鸡脚仙女,完结,都市爱情,24948,162016,28
捡来的王爷不一般,宋宋,完结,古代言情,24859,263025,63
何日君回头,熹微,连载,都市爱情,24775,22494,21
你好，我的魔法先生,芸浅,完结,都市爱情,24737,215201,68
致我们走过的夏日骄阳,清羽,完结,职场白领,24610,306171,85
请你快点对我心动,胭橙,连载,都市爱情,27881,150614,42
何意南风至,鎏公子,完结,都市爱情,27816,441698,28
抢个兽王做夫君,相若,完结,仙侠神话,27774,228277,33
吧唧，亲美人一口,佳美青青,连载,古代言情,27738,209232,107
男神又又又盘我了,荼弗,完结,都市甜宠,27600,223950,58
可爱的他,遇雪有猫,完结,科幻未来,27577,310971,24
清晨到日暮,烟雨星火,完结,青春校园,27473,235625,6
蓝桉跑过少年时1,岑桑,完结,青春校园,27174,181677,48
陆先生，爱妻一枚请签收,吉祥如意,连载,总裁豪门,27086,152119,25
爱你，一辈子,木子园,连载,都市爱情,27018,75218,1
乖一点,彭旭尧,完结,都市爱情,26938,208425,57
陌上花开尽,凡华,完结,都市爱情,26872,131883,29
萌宝助攻，墨少宠妻成瘾,小短褂,完结,都市爱情,26816,484775,13
我一逗你就笑,君慕倾,完结,奇幻空间,26742,223318,144
《初霁》,月下森,连载,都市爱情,26637,201579,20
不负彩虹不负你,依叶,完结,奇幻空间,26591,663917,87
山河满目皆为你,吉祥如意,完结,总裁豪门,26559,50282,73
我家酒店成精了,浅子夕,完结,奇幻空间,26551,138590,10
弃妃归来之王爷休下堂,澪澪柒,完结,古代言情,26537,1212616,11
星星上的人,卡罗琳•帕克丝特,完结,外国文学,26460,163105,72
你好，我的秘密搭档,秦霏,完结,推理破案,26435,31122,63
南北泪·明月光,明月怀寒,完结,古代言情,26401,678133,59
知更鸟女孩4,（美）查克·温迪格,完结,外国文学,26367,158817,95
巢穴,吴伟剑,完结,都市爱情,26279,159487,25
你好，法奈利,杰西卡 诺尔,完结,外国文学,26223,225010,44
宝贝，跟我混娱乐圈吧,九尾,完结,娱乐明星,26177,403755,39
长路漫漫有清风,老王头,完结,古代言情,26161,121394,20
妖王弄丢了大宝贝,雅木,完结,仙侠神话,26149,158543,35
吾爱,花好月园,完结,都市爱情,26110,121314,15
花椒,未由之阙,完结,青春校园,26073,245707,46
我的专属船长,扛刀找猫,完结,都市甜宠,28238,231674,23
太后如此多娇,叶南楠,完结,古代言情,28237,599891,7
爱在公元5000后,炫炫肥,完结,科幻未来,28222,1130117,12
薄荷失香,叶绿,完结,,28173,157715,34
追风不如追你,残年,完结,游戏竞技,28128,171529,144
初恋方法论,正版久南乔,完结,青春校园,28125,273569,127
与君横行,嫣指,完结,古代言情,27990,286834,91
也许爱情曾来过2020,程阳,连载,都市爱情,27959,4972,5
再世为凰，殿下请接招,宋新白,完结,宫斗宅斗,27905,714603,10
重生霸宠，傅少怀里撒个野,十小九,完结,都市爱情,27898,1061437,20
快穿之翻盘攻略,橘子硬糖,完结,奇幻空间,29316,81819,32
喜欢的另一个名字是你,苏秦欢,完结,都市爱情,29259,100001,54
报告王爷：情话王妃已上线,风归,连载,宫斗宅斗,29228,36480,54
逢侠,弃弈,完结,古代言情,28833,285193,55
我们不是真朋友,伍月,连载,都市爱情,28768,74516,1
不负青山不负卿,雨夜一只猫,完结,古代言情,28751,141357,26
快穿逆袭：攻略男主108式,云染,完结,时空穿越,28676,1090022,28
魔君有点涩,卫小词,完结,仙侠神话,28595,413124,43
不与妖魔论鬼怪,风来,完结,仙侠神话,28279,713120,48
他从荆棘中走过,寒云外,完结,玄幻言情,28265,37592,31
小湿雀观察日记,未由之阙,完结,青春校园,30173,140948,30
沉沉的小尾巴,雪梦城,完结,都市爱情,29976,240357,48
撞了南墙更不回头,茄子妖娆,完结,校园甜宠,29830,60319,64
你是我心上的一场涂鸦,毛竹,完结,都市爱情,29738,212390,42
医妃有毒：本王不会治,番茄不炒蛋,完结,古代言情,29730,1141583,9
你在我所爱的那个世界,一颗桂圆,完结,都市爱情,29720,149165,94
猎人笔记,屠格涅夫,完结,外国文学,29713,230943,11
相爷的厨娘小娇妻,叶子拾柒,完结,古代言情,29701,120854,16
楚少，夫人带球跑路啦！,vi小安,连载,民国情缘,29498,138696,26
戒不掉的温柔,笙宝,完结,都市爱情,29386,44741,29
余生，请多指教,非也大人,完结,都市爱情,30854,298590,229
宝贝计划，妈咪给我租爹地,宇宙极光,完结,都市爱情,30824,218552,9
神迹,爱玛·多诺霍,完结,外国文学,30707,141512,68
通往三号房的路,萧半纯,连载,都市爱情,30674,148036,0
我可以踩在你的AJ上吗,莫离,完结,校园甜宠,30607,278047,116
报告傅总，影后她重生了,多肉,完结,都市爱情,30486,1018725,103
醉欢浓,姝月,完结,古代言情,30367,73457,51
久爱成疾，顾少别来无恙,沐风,完结,总裁豪门,30285,385311,19
被遗落在时光深处的他,长乐未央,完结,都市爱情,30246,1286243,41
弥弥罗生录,厌阙,完结,玄幻言情,30228,75055,16
总裁无良，小妻要上房,葫芦小小包,完结,都市甜宠,31716,1058297,28
寂静的春天,蕾切尔·卡森,完结,外国文学,31627,141368,10
男主是个傻白甜,萧半纯,连载,悬疑推理,31543,138957,0
回梦遥安,一朵花一壶酒,完结,时空穿越,31287,275910,40
亲爱的乌贼先生,千奇,完结,都市甜宠,31270,220862,115
风过鸣涯闻岚音,六千灯夜,完结,古代言情,31249,340010,42
我被爱情碰瓷了,万万和鱼鱼,完结,推理破案,31189,77626,7
男神管理学,橘猫,连载,青春校园,31040,96101,144
农门宠妻，腹黑将军来种田,万七月,完结,种田经商,31009,382141,8
诱妻成瘾，季少你真香了,Hygge,完结,民国情缘,30914,596939,19
事后清晨,这个杀手不太瘦,连载,都市爱情,32583,13743,1
假如赫尔辛基失去雪,Cloudy多多,完结,都市爱情,32511,240869,59
那年一起同过窗,香香公主,连载,青春校园,32481,30280,84
上仙，你妹子掉了,以梦为眸,完结,仙侠神话,32465,102135,22
快穿之隐藏BOSS太凶,牧姑娘吖,完结,奇幻空间,32430,773842,41
桃之夭夭灼灼其华,伍月,连载,重生异能,32394,121629,1
沙乡年鉴,奥尔多·利奥波德,完结,外国文学,32064,146613,7
快穿之这剧本不对,仙芋青稞,完结,奇幻空间,31908,210596,30
后来，南风过境,允凡,完结,都市爱情,31860,311428,57
隐婚蜜爱：季少宠妻好嚣张,暖央,完结,总裁豪门,31751,617078,152
我可能是个假公主,道听途说,连载,古代言情,33317,63819,32
无差别黑猫,一包咸鱼,完结,都市爱情,33218,124790,19
快带走我的第二人格,五岁很爱笑,完结,玄幻言情,33200,295863,27
皇帝，你绿了,七柚,完结,时空穿越,33171,291427,46
没事别随便思考人生,鬼脚七,完结,励志人生,33165,125049,20
玲珑骰子安红豆,花未眠,完结,古代言情,33031,195236,29
坐等男主死,Dawn,完结,都市爱情,32979,137615,40
养个魔女去搞事,白米虫,完结,仙侠神话,32857,159768,81
他来时风很甜,安溪,完结,总裁豪门,32600,812409,73
余生漫长,顾南惜,完结,都市爱情,32599,31070,11
三千弱水,墙外一只桃,连载,古代言情,34575,3579,3
伪病娇的戏精守护者,唐僧,完结,青春校园,34570,327504,90
皎皎白月光,不知,完结,古代言情,34566,80650,18
愿你被这世界温柔相待,叶萱,完结,励志人生,34513,90479,36
春天对樱桃树做的事,阿郎,完结,励志人生,34427,200187,23
彼时花胜雪,九歌,完结,古代言情,34389,127231,47
电竞大神有点甜,云星,完结,都市爱情,34358,327446,48
美人何故点朱砂,大卌NA,完结,古代言情,34229,139033,55
肥妻逆袭，带着系统来种田,浅墨,完结,种田经商,33876,419370,19
金牌风控师,香香公主,完结,职场白领,33808,205554,44
反穿书之皇后她千娇百宠,小舟舟呀,完结,古代言情,37351,1125769,14
忆我旧韶华,拾月3,完结,青春校园,37306,157899,88
神棍，听我一卦！,盖盖,完结,玄幻言情,37302,200431,44
千机阁,慕挽风,完结,古代言情,37217,130327,33
不正常重生,水煮肉片,完结,玄幻言情,37156,371417,58
原来可以这么甜,亦戚,完结,青春校园,37097,375132,233
她听过那片海,琳琅不青,完结,都市爱情,37024,142711,97
云遮断归途,凤凰花开,完结,都市爱情,36780,931958,30
有个恋爱想和你谈一下,橘白,完结,职场白领,36508,371966,162
叶落心弦,九月梓,连载,青春校园,36192,46212,82
内心的力量：岁月悠长，你我与共（目光+人间告白+朋友请听好，套装共3册）,陶勇，李润,连载,励志人生,33808,208363,7
奈何风未语,林二一,连载,都市爱情,33788,90866,58
我有特殊的分裂技巧,楚怀夜,完结,青春校园,33748,118430,18
他似烈火骄阳,醉梦清歌,连载,都市爱情,33691,38327,32
知更鸟女孩3,（美）查克·温迪格,完结,外国文学,33673,168336,85
王爷万福，重生公主甜又野,晓晓,完结,宫斗宅斗,33652,776543,11
时代爱情,蛋壳,完结,都市爱情,33633,235912,55
他被遗落在春天,南无桑,完结,都市爱情,33518,140039,71
快穿之他有盛世美颜,情歌王子,完结,时空穿越,33334,233044,20
追凰,妃水水,完结,宫斗宅斗,33324,345386,58
暮然一笑春风起,风三飘,完结,都市甜宠,36123,306035,52
女配逆袭：我被系统坑死了,小酒馆,完结,时空穿越,36061,1182832,58
望秋,琳琅不青,完结,古代言情,35880,252996,25
为了报仇看电影,韩松落,完结,励志人生,35718,115151,5
缓慢窒息,樊安歌,连载,都市爱情,35689,156264,128
在追求梦想的路上，我们都一样,何亚娟,完结,励志人生,35656,111550,47
拐走萌夫,浪浪,完结,古代言情,35593,252790,34
他曾住在我心里,九子蔡,完结,都市爱情,35522,155210,48
不要等我,三七,连载,玄幻言情,35398,135568,4
小少爷和小胖妞,羅番,完结,都市爱情,35290,196640,47
迷宫森林,梅利莎·阿尔伯特,完结,悬疑推理,35275,161649,32
一品庶女,最可爱的花当,完结,宫斗宅斗,35114,729544,78
恋爱选我，我超有钱,花拉拉,完结,都市爱情,35074,261222,114
媚骨天成，病娇王爷不好追,爱吃西瓜,完结,古代言情,35039,412561,37
春江花月夜（全三册）,多多,完结,古代言情,34967,685169,40
锦绣田园，农门娇妻有点甜,晚晴,完结,种田经商,34834,1401194,9
你不努力，就别怪世界残酷,沈善书,完结,励志人生,34826,98549,36
蒋少，追妻套路了解一下,黑糖奶盖,完结,都市爱情,34790,665520,85
同学，你人设崩了,十辛,连载,青春校园,34774,803383,104
亲亲美人蛇,七柚,完结,仙侠神话,34723,388156,32
穿越末世之艰难任务,艾初雪,完结,末世洪荒,37855,44272,13
朝暮得佳时,十临,完结,都市爱情,37772,301402,53
桃药无双,果子久,完结,古代言情,37736,125465,23
你是棠，也似糖,南星,完结,都市爱情,37673,416613,67
金牌冤家,柚菠狸,完结,科幻未来,37550,631151,13
明星老婆有点甜,咕噜咕噜,完结,都市甜宠,37482,1734886,79
她比烟花冷,夏希尔,完结,都市爱情,37465,160786,30
江水为竭,沉生,完结,古代言情,37459,202710,33
亲吻你的厄运,万事大吉,连载,都市爱情,37390,194619,28
遥不可及的你,姜辜,完结,都市爱情,37355,120011,28
早安和你都想要,是超凶的小柒呀,完结,青春校园,40455,114392,31
倾世神女：仙尊的倾城妻,会飞的吉祥物,完结,仙侠神话,39735,95482,59
我爱魔君多娇媚,扉初,完结,仙侠神话,39734,200426,27
相女重生： 敌国陛下有点甜,燕拾安,完结,古代言情,39564,204668,40
您的明星男友请签收,季钰尧,完结,都市爱情,39468,285307,106
半是蜜糖半是伤,棋子,完结,都市爱情,39418,172716,307
大师兄，我们不约！,圆釉,完结,校园甜宠,39226,141309,39
宠妃晋升攻略,幻Y,完结,时空穿越,39178,521864,36
年少不知涩,夏末,完结,青春校园,39164,201366,40
两个她的奇幻之旅,菲德拉·帕特里克,完结,外国文学,39113,159324,37
恶意,赐今,完结,都市爱情,38973,153029,89
春迟,打伞的蘑菇,完结,都市爱情,38575,129014,11
38.6℃,喜粉,完结,都市爱情,38549,183470,32
今天NC粉告白了吗？,花未眠,完结,娱乐明星,38469,170739,77
特工王妃之歌锁迷城,八囍,完结,宫斗宅斗,38446,74249,26
长歌谣,阿梨,完结,古代言情,38330,377139,56
深情谋爱，顾少你动心了,炫小锡,完结,总裁豪门,38321,350556,48
微凉亦暖,郁婧,连载,都市爱情,38297,221027,1
白云无尽,狐狸组合·时里海,完结,,38217,127993,11
美神大人待机中,莫衷一是,完结,玄幻言情,38209,347939,21
天气预报说明天有你,孟瑞,完结,励志人生,41432,75827,101
萌妻来袭，陆总宝贝乖又甜,白又白,完结,都市爱情,41367,365090,50
故道又逢君,丰煜,完结,民国情缘,41264,121800,40
你在心口砰砰跳,Pluto林瑞,完结,青春校园,41073,274773,65
不存在的父亲,迈克尔·道布斯,完结,悬疑推理,41002,179648,30
再嫁名门：陆少的二婚娇妻,樱花落尽,完结,都市爱情,40971,514353,71
几许阳光恰似你,一语千城,完结,青春校园,40736,216540,187
他心中的白月光,炫小锡,完结,玄幻言情,40634,200712,34
我和反派相依为命,唐僧爱睡觉,完结,青春校园,40611,321349,45
腹黑萌宝，爹地求婚请排队,温若离,完结,都市爱情,40553,1045030,22
妈咪留步，爹地喊你要三胎,鱼子酱,完结,都市爱情,43203,540216,46
王者荣耀之有你的晴天,会游泳的猫,完结,游戏竞技,43196,181044,50
织云锦,又绵,完结,古代言情,43166,139521,186
酸奶味的糖,栖止,完结,校园甜宠,43113,233755,288
是谁为你送花来,安逸,完结,都市爱情,43100,219261,43
本宫田很多,念梦,完结,种田经商,42698,623349,33
四海为他,打伞的蘑菇,完结,都市爱情,42600,137199,25
雪里已见冬阳至,懒学,完结,青春校园,42568,341400,122
少女恋爱大作战,青丘山小花,完结,都市爱情,42439,261616,56
来世我还想爱你,你很皮,完结,都市爱情,42364,602359,36
危险关系,楚怀夜,完结,都市爱情,44248,267859,71
无棠,冰糖橙子,连载,都市爱情,44162,110573,1363
说你呐，往心里走一点,夏加尔,完结,都市爱情,43761,253408,65
变色龙与狗,柚菠狸,完结,都市爱情,43578,261847,12
青竹林下弦曾响,轩妖紫逸,完结,宫斗宅斗,43547,223885,36
南霜北竹,梦染南悠,完结,古代言情,43427,231168,102
写给爱情的九十九封情书,一口小甜饼,连载,都市爱情,43278,35170,92
拜托，陪我一起长大,扎扎,完结,青春校园,43268,200453,64
农门娇妻：拐个夫君来种田,南予,完结,种田经商,43231,697251,51
小公子,公子兮,完结,古代言情,43225,87165,37
缘深不知处,咏荞Hy,完结,职场白领,42146,335977,54
他比晚风更温柔,时光淼淼,完结,都市爱情,42138,141679,55
他的脑洞很甜,四夕丸子,完结,都市爱情,42091,253712,40
深宫怨,玛丽不苏,完结,宫斗宅斗,42059,39683,14
医见钟情：我将心向你,花辞,完结,都市甜宠,42026,251075,155
仙径之翻云覆雨,橙主162,连载,玄幻言情,41941,16983,15
今有佳人,子非云,完结,古代言情,41859,45512,49
神都一品女探,叶小狄,完结,宫斗宅斗,41779,199475,27
想你在时光之外,墨小芭,完结,都市爱情,41527,181615,87
年少遇你，余生可期,小老头,完结,青春校园,41516,283113,59
一枝红杏出墙来,芋头沉,完结,古代言情,45068,69185,37
督主在下,月酒酒,完结,宫斗宅斗,45026,237988,45
我和男神互换了身体,慕容宁音,完结,都市爱情,45003,210016,33
盛世医妃：宠妻不好惹,鹿祁,完结,古代言情,44992,600914,123
火药味的你,曳寻,完结,青春校园,44913,217701,207
换装,冉求,完结,都市爱情,44867,423637,59
云胡不喜,芙鸢贯青天,完结,游戏竞技,44576,216406,104
银霜阙,浮生若梦,完结,宫斗宅斗,44384,644199,17
初恋不打烊,鹿迁,完结,都市爱情,44381,343068,347
萌宝来袭：这个娘亲我要了,仲安歌,完结,玄幻言情,44380,604267,59
MissMiss,月半白,完结,民国情缘,46463,642529,49
温吞娘子,禾一,完结,古代言情,46189,102443,85
一见不钟情,希望,完结,青春校园,46142,77530,44
穿成首富未婚妻,酥酥苏,完结,都市爱情,46003,538586,52
桃之夭夭，灼灼其华,沐凝萱,完结,仙侠神话,45964,182957,129
灼心蜜恋,顾凌伽,连载,都市爱情,45858,195010,3
秀色可餐：农家悍妻有点田,疑思,完结,种田经商,45771,1313652,16
我与你隔着忆万光年的距离,芊林,完结,都市爱情,45431,136802,340
她朝我微笑,禾一,完结,职场白领,45240,278214,71
我来送你上头条,长大当太空人,完结,都市爱情,45229,344806,91
等你转身靠近我,弓心,完结,都市爱情,48851,111996,71
天降男友,咏荞Hy,完结,奇幻空间,48760,150723,19
蓝桉跑过少年时3,岑桑,完结,青春校园,48689,125575,44
求职公寓,香香公主,完结,职场白领,48597,190378,43
你是烈火与甜糖,榷湫,完结,青春校园,48574,249420,133
流年有爱，岁月静好,拾月3,完结,青春校园,48473,322114,37
穿越星河来爱你,苏果可可,完结,玄幻言情,48444,282742,78
直播现场，恋爱不打烊,锦小鲤,完结,职场白领,48393,234233,78
一川烟草,香九菱,完结,都市爱情,48370,178927,166
时光带不走心动,小狗的目标,完结,职场白领,48127,147199,201
鱼在水里唱着歌,鹿拾尔,完结,悬疑推理,47722,116496,13
橙汁多冰七分甜,未由之阙,完结,青春校园,47593,229899,185
入骨愁殇醉相思,清禾,完结,宫斗宅斗,47484,138310,62
刚好遇见你,墨江南,完结,,47385,166531,8
南风渡,轻舟,完结,玄幻言情,47183,304626,72
王爷，王妃又在虐渣了,叶子,完结,古代言情,47081,1028867,29
199号ET女友,扉初,完结,科幻未来,46859,210071,27
江山误美人,岚槿,完结,宫斗宅斗,46728,251328,83
明天你结不结婚,洪梅抒,连载,婚姻家庭,46717,160966,1
世界的轮廓,星炫沧海,完结,奇幻空间,46635,155132,22
天上掉下个美娇娘,禾一,完结,时空穿越,50653,256084,98
我的鬼神大人,锦袖华衣,连载,仙侠神话,50536,200291,194
我的男友有点甜,夜宵好好吃,完结,校园甜宠,50523,101099,80
侯府嫡女录,初笙,完结,古代言情,50481,233860,121
换脸,東米子,完结,都市爱情,50373,891569,23
妖女谋之倾尽天下,萤照公子,完结,宫斗宅斗,50210,1048911,21
天赐妖妃,七柚,完结,玄幻言情,49950,306427,38
秋风解意,星辰,完结,仙侠神话,49843,205527,55
许你暖意绵绵,白茶清欢,完结,都市爱情,49461,214581,139
画情,龙凌鸢,完结,古代言情,49216,221535,112
争夺张泊宁大作战,夜却透,连载,都市爱情,58,3927,0
为了钱张泊宁嫁了,张泊宁,连载,都市爱情,43,1182,0
林画宜,周温雪,连载,都市爱情,35,17044,0
她有病,了斋,连载,青春校园,28,1331,0
阿七解忧馆,戚恪,连载,青春校园,1,1997,0
韶华,白日梦患者,连载,青春校园,352,1049,1
金宠妻无上限,金张泊宁,连载,都市爱情,346,6221,5
青春恋爱复兴,狐言,连载,青春校园,344,20004,2
张泊宁与牧野由依的生死炼狱游戏,张泊宁凉,连载,游戏竞技,342,5188,6
在那个路口,eat,连载,青春校园,339,1046,0
别忘了来我的梦里,我就是小叶,连载,青春校园,331,2731,0
TA,橙味考拉,连载,婚姻家庭,321,1085,0
27℃暖风,舒楼,连载,青春校园,317,1016,0
掌上心蝶逆如花,慕容萋萋七,连载,玄幻言情,317,5841,0
蓄谋已久,@蓝予,连载,青春校园,316,1312,0
在同一个地方,上晴,连载,奇幻空间,127,2039,1
不只一点甜,木挽风,连载,都市爱情,126,2370,0
她把大佬当废品捡回来了,青灯,连载,都市爱情,122,1858,0
这个世界只有我自己,绿豆白芷,连载,励志人生,122,3666,0
我的三个女人都很拽,凤鸣岐山,连载,都市爱情,117,1966,0
亲爱的梨花小姐,吴小凤,连载,都市爱情,116,2294,0
同门,甜狮子,连载,都市爱情,105,21354,1
属于我们的夏天,山泊,连载,青春校园,99,1080,0
许你完满爱意,烹茶煮酒,连载,都市甜宠,87,20355,1
《川商传奇·罗裒传》,书点余生,连载,种田经商,68,6134,0
幻剑情侠奇缘,樱奈铃泽,连载,玄幻言情,413,1498,0
穿越维度杀死你,流浪的刺星,连载,仙侠神话,406,2355,0
慕凉川的情至深处,慕凉川,连载,都市爱情,400,5255,5
情至深处便是冷漠,金张泊宁,连载,都市爱情,398,5255,5
happy night,张泊宁凉,连载,奇幻空间,392,6734,5
护妻狂魔慕凉川,慕凉川,连载,都市爱情,381,5573,4
梦境直播夜却透,夜却透,连载,奇幻空间,381,5261,5
张泊宁的一亿个梦体,张泊宁,连载,科幻未来,380,5734,5
《初恋的滚烫节拍》,粉多木瓜,连载,青春校园,366,5726,0
张泊宁只敢在梦境里才敢说爱你,张泊宁,连载,时空穿越,366,6134,6
张泊宁的分身,张泊宁凉,连载,科幻未来,180,1101,6
傻兔子张泊宁,夜却透,连载,外国文学,178,1571,6
张泊宁的夜却透,夜却透,连载,都市爱情,175,1130,4
你似星辰灿烂,枝叶附着,连载,都市甜宠,167,27700,0
林深择陈,巴山夜雨时,连载,青春校园,152,2114,1
温暖的羊,守守,连载,青春校园,149,1930,0
诗录•幻,万岁爷,连载,科幻未来,143,4106,0
千里江山,ZWL,连载,古代言情,139,30310,1
喜欢不止一点点,陆宣清,连载,都市甜宠,138,6985,4
终是泪深不知处,欣茗,连载,都市爱情,135,2553,0
蝶迹,林栀笑,连载,玄幻言情,541,5225,0
请你吃甜筒呀,哇噻噻i,连载,青春校园,535,6266,0
白鸟小樱张泊宁之死,张泊宁,连载,科幻未来,535,9569,6
光芒和风浪皆是你,知南,连载,青春校园,529,1002,1
灯前笑,弧芹絮子,连载,古代言情,508,10330,0
情深森森何几许,金张泊宁,连载,古代言情,498,5099,3
恋爱无法终结于此,夜枳,连载,青春校园,495,1997,0
青柠初上,糖心,连载,青春校园,489,5874,0
穿成退婚男主的貌美女配,灵女,连载,穿书快穿,480,1966,0
张泊宁，爱成寂寞开成海,张泊宁,连载,都市爱情,479,6315,6
斯年将至,无花无酒,连载,都市爱情,477,131320,1
张泊宁与慕凉川的炼狱之爱,张泊宁,连载,奇幻空间,470,6457,5
张泊宁的折子戏,张泊宁,连载,古代言情,467,5726,6
傅少的小娇妻又美又飒,星河万里,连载,总裁豪门,466,1028,0
达达安慕凉川对张泊宁最后的爱,慕凉川,连载,科幻未来,452,5543,6
微风拂过你的脸,雪景儿,连载,都市爱情,437,1840,0
见梅,弧芹絮子,连载,古代言情,435,3705,0
紫荆花开,张泊宁凉,连载,古代言情,434,5622,5
九尾白狐修行记,慕凉川,连载,古代言情,424,5649,6
我在南城以南,苏千旋,连载,都市甜宠,416,6000,0
我打造了财运工作室,李神龙,连载,都市爱情,314,1713,0
只愿与你,沫桐,连载,青春校园,311,1682,0
慕南向北,潘真人,连载,青春校园,294,1998,0
锦瑟无端十五琴,金张泊宁,连载,古代言情,256,2795,2
《歆歆向榕》,李清,连载,青春校园,253,1993,1
青柠檬上,念之,连载,青春校园,253,7678,1
哥的淡定你不懂,少陵野老,连载,青春校园,228,2116,0
不急不徐,喝喝粥,连载,青春校园,208,5321,0
平普先生的幻想,追梦的星星,连载,励志人生,184,1351,0
李巧宜之家之女张泊宁,慕凉川,连载,都市爱情,181,1875,5
如果眼角能呢喃,墨痕,连载,青春校园,636,2348,0
白桦林,Stephy,连载,都市爱情,622,3188,0
后来的我,抹茶饺子,连载,青春校园,609,1081,0
栗元南院后,郢肆意,连载,青春校园,608,1995,1
世间有情,阿辞,连载,玄幻言情,603,1079,1
月亮不会奔谁而来,+1,连载,青春校园,602,1989,1
时间里的,初代,连载,都市爱情,586,44585,0
亲亲小玫瑰,风亭,连载,青春校园,569,11755,1
沉花枝,弧芹絮子,连载,古代言情,548,3390,0
一下子喜欢你,星野.,连载,青春校园,543,1025,0
零落成泥碾作尘，惟有香如故,可口可乐的故宫限量款JOY,连载,青春校园,774,1016,0
我的天菜老公,跳脚女巫,连载,都市爱情,773,1827,0
菜鸟之泪,程阳,连载,励志人生,772,4000,0
夏日吻,柚今,连载,青春校园,761,3259,0
我知道，你不知道,江暮云,连载,青春校园,760,3174,1
余生，请接招,晨曦夕,连载,青春校园,757,1010,0
等风归,雪景儿,连载,古代言情,748,1841,1
断袖王爷恶毒妃,叶落城毁,连载,古代言情,734,2000,0
路鱼,薄荷红叶,连载,娱乐明星,734,2869,0
妖精的同心圆,有才多金,连载,青春校园,729,5971,1
狼烟：将军莫负红嫁衣,尔否,连载,古代言情,723,1302,1
六页空白,匪我愆期,连载,青春校园,711,1050,0
安于天下，乐在江山,解棠,连载,古代言情,693,1766,0
破晓者,桥北,连载,悬疑推理,686,3957,0
高中女子幻想,一粒粟,连载,青春校园,667,19364,0
我还是，在靠近,柒柒向暖,连载,都市爱情,665,1101,1
是胡不是贺,迟书吻,连载,青春校园,665,1034,0
娇妻张泊宁别想逃,张泊宁,连载,都市爱情,659,13953,6
承你迷茫,叶厌,连载,青春校园,649,1206,1
余光有时,好柿花生,连载,都市爱情,636,6663,0
她风中来信,红豆沙,连载,青春校园,892,6326,3
似是非似,弥生,连载,古代言情,892,2691,0
便利贴女孩的七日,窝小获,连载,都市爱情,891,1051,0
向阳盛开才是我们,XCY,连载,青春校园,887,1009,9
捡到颗星星,柒拾壹,连载,青春校园,874,1416,1
从未迟到的欢喜,甜加盐,连载,都市甜宠,868,6706,0
离辞,北路,连载,都市爱情,868,1655,9
鱼儿奋斗录,杜酒酒,连载,玄幻言情,857,1937,2
莫名和墙头锁了,乐晏,连载,娱乐明星,851,3247,1
《谁偷走了玫瑰》,容策,连载,科幻未来,846,5888,0
黑山羊波纳奇,（印）佩鲁马·穆鲁根,连载,外国文学,817,67343,1
命中注定就是你,等帆来,连载,青春校园,816,2108,0
红颜谋,曙曙,连载,古代言情,815,5859,0
重遇简奥斯汀,（英）简·奥斯汀,连载,外国文学,810,226715,0
程诺向我许愿,桁夏,连载,都市爱情,805,3783,0
少年爱上大龄小姐姐,盛世美颜,连载,青春校园,804,1950,1
你的灵魂有点飘,鸡腿好咸,连载,都市甜宠,799,1753,0
逢南,李奋斗✔,连载,都市爱情,791,1473,0
红色护身符,肖小冃,连载,青春校园,789,1909,0
花魂劫,艾嘉辰,连载,古代言情,775,16204,0
神君讨子记,世安言凉,连载,仙侠神话,925,1096,1
起落有你,宁倩,连载,都市爱情,924,15152,0
九年义务教育的漏网之鱼,伪子君,连载,励志人生,916,8561,1
可以接受我吗,愿乐,连载,都市爱情,915,4227,0
今夜你我皆星辰,陌上渔舟,连载,都市爱情,907,7817,1
百鬼夜行,夜沉见星,连载,玄幻言情,906,1020,1
预见花开,茟清,连载,都市爱情,904,1053,0
归途,段子奇,连载,仙侠神话,901,2970,0
心坟,俞雅凡,连载,都市爱情,896,3845,3
仙气复苏：首充一亿送条狗,A莫离,连载,重生异能,894,1423,0
我想牵着你的手，走过岁月漫长,柒月小葵,连载,青春校园,843,3998,1
后悔药店,予川向北,连载,玄幻言情,843,1279,1
一秒的爱情日记,萤晞,连载,都市爱情,835,1267,0
忆夏,茜酱,连载,青春校园,826,1069,0
那年树上的男孩,苓姈柒,连载,青春校园,826,2106,0
草莽,小文小小杰,连载,都市爱情,824,44701,1
恋爱似甜心,香蕉芝麻糊,连载,青春校园,823,1378,0
念你风云间,讲栖,连载,游戏竞技,823,2141,1
后来，花落了,九祭,连载,青春校园,821,1551,6
忘愿瓶中的恒星,某憨,连载,青春校园,821,1055,0
噩梦引路人,似茶酱吖,连载,悬疑推理,951,3432,0
念＋瑶=离,南十字,连载,青春校园,948,1014,1
对“蓝色”的执着,绿藻头,连载,青春校园,946,2295,1
偷亲一口属于你的甜,猫面,连载,都市甜宠,946,1612,1
岁月是你的忧伤,木九日,连载,青春校园,940,5195,1
阴阳之令,鼠小编,连载,古代言情,937,3059,0
看向你时满眼星辰,羽璐,连载,都市爱情,935,3525,1
雪溪待渡,桑小文,连载,科幻未来,929,1775,1
玖月,绾七七,连载,玄幻言情,927,1273,2
亲爱的王苏珊,韩慕瞻,连载,青春校园,927,1628,1
象柏之诗,通元一,连载,青春校园,977,8292,1
请原谅我不能成为伟大的人,说戏的栗子,连载,校园甜宠,976,1012,0
问仙求佛,默然,连载,玄幻言情,973,4713,1
《怀才不遇》,lykkk,连载,都市爱情,966,1830,0
喜欢的理由是你,你是不冻港,连载,都市爱情,965,7405,0
你好，再遇见,我欲为空,连载,青春校园,960,5839,1
班长不是学霸,火西西,连载,青春校园,960,1992,0
嬴姒今天闲鱼了吗,妘姬,连载,时空穿越,960,1652,1
何以栖迟,野歌千堆雪,连载,青春校园,959,1018,0
公开隐私,有氧泡泡,连载,都市爱情,954,2059,1
我们的那些事儿,火西西,连载,青春校园,1019,1476,1
共赴河山,鹤莯,连载,民国情缘,1010,1563,1
偏差值,落星,连载,娱乐明星,1006,1188,1
山水又相逢,宋酿,连载,都市爱情,1001,2972,0
九天仙魔逆,夜子美,连载,仙侠神话,1001,1932,0
《寸光轨迹》,三月月,连载,都市甜宠,993,5717,0
你困住我 年深月久,阿魚,连载,青春校园,990,5310,2
甜如蜜vs酷又拽,千朝醉,连载,青春校园,990,1268,1
皎月须墨染,千片生姜,连载,古代言情,989,3634,0
有个人，在等你,第九片海,连载,都市爱情,985,1289,0
以你为名的韶华,东衡,连载,都市爱情,1075,1302,1
胖胖的，可爱的,云涛,连载,青春校园,1071,4700,1
虚空爱情,凌稚,连载,校园甜宠,1066,1715,0
从日出上飞过,lykkk,连载,青春校园,1050,1859,1
晚晚喜欢你,陈念夏,连载,校园甜宠,1050,13777,1
草莓殿下快跑,蛋奶waffle,连载,都市甜宠,1046,1019,3
青梅竹马十年之约,蓝星,连载,青春校园,1027,1026,2
我与你的小小事,请爱林饱饱,连载,都市爱情,1026,2970,1
蒲少的小野猫,汤不喝,连载,青春校园,1026,4018,0
晴霜暮雪,浅雪盈香,连载,仙侠神话,1025,1992,0
作精皇后和她的马甲精白月光,滞月杪秋,连载,古代言情,1121,11672,0
我思故你在,不辞遥,连载,青春校园,1118,5280,1
一世长安,碧海,连载,都市爱情,1117,1512,0
星光照进玻璃窗,吾悦,连载,青春校园,1116,1499,0
空船载月,半夏,连载,都市爱情,1116,1997,0
半展红,橘子脆桃,连载,青春校园,1115,5746,0
猫仙,如沐春风,连载,玄幻言情,1114,1385,0
初,晟一珂,连载,青春校园,1112,1869,0
向阴亦开花,后愈,连载,都市爱情,1106,1846,0
染笑,尤野夜,连载,青春校园,1102,1004,0
当九零遇上三十,欧阳瑜,连载,青春校园,1098,10221,0
快穿之那些年我养过的小姐姐,是小李吖,连载,时空穿越,1098,2155,0
戚秋予清,欧里亚,连载,青春校园,1093,10544,1
無妳,叙肆,连载,青春校园,1090,1350,0
偷偷甜进你心里,苏杭,连载,娱乐明星,1090,27334,0
他比时光更悠久,子木,连载,青春校园,1081,3063,1
逆袭女郎,左左,连载,婚姻家庭,1081,3579,0
看到你以后,易泽嘉,连载,都市爱情,1080,1957,0
恩荣,春山,连载,古代言情,1076,5724,1
地球之子,不腐,连载,科幻未来,1076,7824,1
张泊宁，下手轻一点,张泊宁,连载,都市爱情,1171,13595,6
忆往昔,伶依,连载,古代言情,1170,1418,1
爱屋及乌,裙烟,连载,青春校园,1164,1018,1
惊昵,什野,连载,悬疑推理,1157,1000,1
南辕爱北辙,梧莳柒,连载,青春校园,1151,8187,0
又见一元,胡里安安,连载,青春校园,1149,1278,0
你站在太阳下,孤舟,连载,青春校园,1145,2797,1
风尘而过,鲸落,连载,青春校园,1141,13917,1
追忆高中生活,微笑的蛋,连载,青春校园,1133,2336,0
草莓味的堇色安年,乔木星言,连载,青春校园,1126,1902,2
错过了四月的你,鲁安若,连载,青春校园,1202,2755,0
初夏时见你,手可摘星辰,连载,青春校园,1198,5616,2
秋思,百态愁离,连载,时空穿越,1195,7232,0
为什么不喜欢,姜枕,连载,都市爱情,1191,7338,1
上有扶桑,十安魇凉,连载,仙侠神话,1187,3126,1
毒妃当道,柒墨,连载,古代言情,1186,1909,1
一只迷鹿,向迷鹿,连载,励志人生,1184,2546,1
比喻皆是你,恬赜,连载,校园甜宠,1179,10851,1
潋恋娇阳,季小火,连载,青春校园,1173,6538,0
阳光照耀下的田野,高桥诚良,连载,悬疑推理,1172,1061,0
顷酒坠盛世,鬻废,连载,古代言情,1292,3956,1
甜甜的小温暖,老向废名,连载,青春校园,1292,7339,0
天堂鸟,林书砚,连载,玄幻言情,1292,3793,0
不止一点点,江海儿,连载,青春校园,1289,3507,1
逍遥南墙,南鸿,连载,青春校园,1286,1158,3
渣先生，渣小姐,君行,连载,都市爱情,1276,1019,0
说好了，一起走,云端无境,连载,青春校园,1276,1751,2
可苦可乐,子岛,连载,青春校园,1262,3455,0
芸起坐看时,小內籽,连载,都市爱情,1262,8377,3
落入我心底,白云澹,连载,青春校园,1261,4819,0
云烟成雨，唯不见你,柚子栖,连载,青春校园,1252,7932,1
似满头星辰,鹿壹玖,连载,青春校园,1247,1019,0
灵哉太学,歌醉酒消,连载,青春校园,1245,4373,2
毕业季,李世杰,连载,青春校园,1237,2838,1
未曾忘记的心动初恋,木疏,连载,青春校园,1235,5576,1
江城子:愿择江山,木一本,连载,古代言情,1222,1005,0
景城寄鲁,锦念非霜,连载,娱乐明星,1220,1635,0
哥，你又在口是心非了！,冰禾小大大V,连载,都市甜宠,1212,8353,1
你这么高我都够不着你了,某憨,连载,青春校园,1210,2467,2
恋慕于你,苏杭,连载,都市爱情,1208,3853,0
随因循果,mint75,连载,青春校园,1321,11416,6
白色味喜欢,一元鱼籽,连载,青春校园,1321,2475,3
这个主播很宠粉,是橘同学,连载,游戏竞技,1315,7692,0
想要温柔说爱你,Wijoy加誉,连载,青春校园,1310,15733,0
拾忆总裁追妻路,一片空白,连载,都市甜宠,1309,6000,0
魔女神妃：百情录,青筱,连载,玄幻言情,1308,1450,0
烟雨古董店,慕曦,连载,仙侠神话,1307,2077,3
你的爱情与世长辞,晚来,连载,青春校园,1306,6103,1
鼠小计设组,鼠小编,连载,推理破案,1296,5091,0
慕凉川的求亲,夜却透,连载,古代言情,1293,6064,4
我的小说不能发表,差错,连载,青春校园,1492,1013,0
星河遥远只看见你,宋安晚,连载,青春校园,1486,1925,0
向着光的背影,花白,连载,青春校园,1481,5754,1
你是我万水千山的冒险,冰糖福梨,连载,青春校园,1476,4356,0
唯有时光可回首,言苏,连载,青春校园,1473,2563,0
日暮乡关是归途,艾莫,连载,古代言情,1465,6142,0
飘零缘絮,张导儿,连载,仙侠神话,1461,7891,1
愿尔长安归处去,木汐九时,连载,古代言情,1458,1844,2
爱的四个乐章Ⅰ,司徒兰章,连载,青春校园,1454,9537,1
我会一直在,Sunflower,连载,都市爱情,1453,2575,1
绘梦,顾笙,连载,青春校园,1362,14000,1
与他无关的故事,桃酥,连载,青春校园,1357,3232,1
永远爱着你,木子园,连载,都市爱情,1354,1050,0
我已眉眼积尘,沧澜若云,连载,古代言情,1354,1042,3
废材毒妃要翻天,凉小洛儿,连载,古代言情,1344,6947,1
听闻云上有星河,云上,连载,都市爱情,1337,1571,1
爱是桑榆霞满天,爱是桑榆霞满天,连载,民国情缘,1336,10854,0
斗破梧田,堕云,连载,时空穿越,1328,1343,1
原来我有这么喜欢你,野原白白,连载,青春校园,1327,2204,0
他从深渊而来,君午宴,连载,都市爱情,1326,1120,0
你忘记了谁,下线神明,连载,青春校园,1578,5715,0
与时同欢,竹外桃花三两只,连载,都市爱情,1562,2568,1
测试不要管,白马时光,连载,古代言情,1561,1134,0
前路漫漫，步履不停,邓楚涵,连载,励志人生,1556,70051,1
不二之臣,何处风流,连载,青春校园,1551,9037,5
狙心叵测,楚娇,连载,都市爱情,1548,1028,1
狙击言叔小芳心,叔东苗,连载,都市爱情,1542,7655,1
好想喜欢你,遇,连载,青春校园,1540,1554,11
听见你,九天,连载,奇幻空间,1540,6902,1
似水年华,葑小小,连载,青春校园,1539,3432,1
那个心里长草的夏天,神笔码不良,连载,青春校园,1534,24165,1
我带着光进入你的世界,林小侑,连载,都市甜宠,1531,2000,0
校草的可心小同桌,籽垸,连载,青春校园,1530,7964,3
任久,Littoral,连载,校园甜宠,1523,2415,6
郡主本色,一只小白出墙来,连载,古代言情,1518,3880,1
"30+,女王力",知欢知喜,连载,都市爱情,1512,3520,0
你的价格,蜻蜓点水,连载,校园甜宠,1508,1403,1
又逢月,忱枝,连载,都市爱情,1501,2293,0
玖命柒秒,松子,连载,校园甜宠,1496,1026,0
我的心是你的,暖风,连载,青春校园,1494,3288,2
他是一直的欢喜,陈皮绿豆沙,连载,都市爱情,1408,15797,2
南国有香荑,两不厌,连载,青春校园,1407,9060,1
与你在一起的时光,落烨,连载,青春校园,1405,1107,1
《何畏喜欢》,岚辞,连载,青春校园,1403,3816,1
二分之一的恋爱,鹿壹玖,连载,青春校园,1400,2087,1
她糖分超标了,望月砂,连载,青春校园,1398,6391,3
念你成疾,叶茶茶,连载,青春校园,1382,1004,1
《逆客》,学渣.,连载,青春校园,1368,1587,0
每日份薄荷味糖果get√,朝夕倩颖,连载,青春校园,1366,3990,1
醉梦,觥筹,连载,古代言情,1363,3663,0
长山相桉,醉落花荫,连载,青春校园,1618,3485,0
我深爱的·你,苏ran,连载,青春校园,1608,7444,1
小丑,张斐斐,连载,婚姻家庭,1599,36275,0
以南念北,啊木,连载,青春校园,1594,3265,1
‘弱’者为尊,蔗糖苦瓜,连载,时空穿越,1594,5652,1
坏蛋叔叔，妈咪不嫁,咏荞Hy,连载,总裁豪门,1591,5551,1
云行雨恰，无间冬夏,北阁二叔,连载,都市爱情,1589,1592,1
仗尔看南雪，锦瑟思华年,白雎辞,连载,青春校园,1588,2690,0
月汐本夕之坑徒良师,白米虫,连载,时空穿越,1585,1610,0
暗籁,白衣少鬼,连载,奇幻空间,1580,6775,0
唯一的良药,谦耀玖,连载,校园甜宠,1450,3574,0
若有一世,南鹿,连载,时空穿越,1447,3608,1
花开正盛，缓缓归忆,111,连载,都市爱情,1444,1177,0
来自星空的恶棍天使,你的炽天使,连载,都市爱情,1441,1995,1
她来了,羡烟,连载,都市爱情,1440,1461,0
因为有你，便繁花似锦,染汐,连载,玄幻言情,1439,1064,2
星匙之国,厌阙,连载,玄幻言情,1439,12996,0
光环陨落的世界,你拥有最好的,连载,科幻未来,1436,17278,1
他之罪,糖懿秋,连载,悬疑推理,1431,1447,0
多娇簪缨,庭若,连载,宫斗宅斗,1410,2323,3
你我的遇见,铭浩轩,连载,青春校园,1650,6460,0
12·12,闪电法师看风景,连载,都市爱情,1648,1988,0
泯無安生,某憨,连载,青春校园,1648,6663,3
还是想你,柒拾壹,连载,校园甜宠,1648,2137,1
硝烟滚滚,凌空霹雳,连载,时空穿越,1644,5553,1
世界最后的幻想,漆继柃夜,连载,重生异能,1636,1961,1
那年青春,南海十八少,连载,都市爱情,1633,3065,1
他的小昙花,黥瑶,连载,青春校园,1632,2870,2
伦敦往事 ——华人留学圈的绯闻女孩们,山楂,连载,青春校园,1631,21211,0
时意,沈茕茕,连载,青春校园,1626,2000,0
给大神实力打call,红樱,连载,都市甜宠,1671,6528,1
云烟缈缈,徐欢生,连载,青春校园,1670,1152,0
青丝寻,陈成,连载,玄幻言情,1667,2627,1
奈何喜欢你,墙外一只桃,连载,校园甜宠,1666,5095,1
玖肆喜欢你,諠肆.Eleven,连载,玄幻言情,1661,22532,2
清风徐来只为你,温温北梁,连载,青春校园,1660,8573,1
明月何皎皎,一叶兰舟,连载,宫斗宅斗,1652,1086,1
误被男配叼回窝,书生买酒,连载,古代言情,1651,1217,0
时光和旅行,宁小飞,连载,青春校园,1651,6275,1
深愁,田小森,连载,校园甜宠,1651,7875,3
我的半生为等你而来,涂霖小,连载,都市甜宠,1707,7989,0
茉莉花开，及远见闻,沫枡,连载,青春校园,1701,7288,0
太子妃好无聊,叶子珂,连载,古代言情,1696,1166,1
未竟之夏,（英）罗恩·科尔曼,连载,外国文学,1693,66352,2
假若时光倒流,伊小姐,连载,校园甜宠,1690,2075,1
岂曰无衣,栀子南,连载,都市爱情,1688,1062,5
徐许一生,丑巳酉,连载,娱乐明星,1687,1327,1
皎皎明月照花影,陆悯,连载,青春校园,1686,1293,0
我的初恋是月老,孟三茶,连载,玄幻言情,1684,1128,1
蒙面少侠,糖果青柠味儿,连载,青春校园,1678,1517,0
梦里不知谁是客,旧时雨,连载,仙侠神话,1745,6616,1
和你到地老天荒,QUEEN,连载,青春校园,1741,2030,0
你是治愈我的陶瓷,柒大大,连载,都市爱情,1738,1097,3
我的青春都是你,白日月光,连载,青春校园,1735,5331,4
一个奇怪的承诺,八月的酷暑,连载,都市爱情,1733,1508,0
超时空恋人2,心语,连载,穿书快穿,1726,3281,1
倾城美人醉,梦簪,连载,古代言情,1725,1173,0
霍先生，活久见,香槟,连载,娱乐明星,1725,5180,0
你是我不可言说的梦,优雅且凶残,连载,青春校园,1722,5907,1
时光有你，微微甜,茴玖,连载,都市爱情,1714,5527,4
许你一年欢喜,犄角儿,连载,都市爱情,1767,3155,2
星体的秩序,森苡,连载,青春校园,1767,21567,2
陈春天,赵小仙,连载,青春校园,1767,437,0
朝暮,穆岚,连载,古代言情,1763,1976,4
穿书九零，炮灰翻身做大佬,九月星辰,连载,时空穿越,1762,1106,0
你和我的盛夏光年,何安厦,连载,都市甜宠,1758,1306,0
月亮的药草,落杉,连载,青春校园,1757,8078,1
重生之顾少请走开,浅笑心汝～,连载,重生异能,1754,3223,0
简单而平淡,鎏涟,连载,青春校园,1751,2619,2
菠萝味的他,繁花,连载,青春校园,1750,5335,3
诡异的情缘,凌空霹雳,连载,时空穿越,1803,11330,1
我们的青葱时光,洛婷婷,连载,青春校园,1796,2419,1
他是17岁的梦,向日葵的微笑,连载,青春校园,1792,4383,1
初见之一封情书,忽逢桃花林,连载,都市爱情,1789,5559,0
一十四年秋,与山宴,连载,都市爱情,1784,8656,1
帆帆一起走吧,丸子说爱樱桃,连载,青春校园,1783,7165,1
被骗去当黑粉的日子里,食色,连载,都市爱情,1781,2602,0
书生买酒,书生买酒,连载,古代言情,1776,1217,1
玲珑骰子安红豆，入骨相思知不知,青空,连载,仙侠神话,1774,1023,1
辰星非昨夜,李新亮,连载,青春校园,1770,2634,1
郁郁,玫瑰椰子水,连载,都市爱情,1864,11028,1
戏精小妹的日常,青筱,连载,励志人生,1863,1650,0
婚谋已久：苏医生的千层套路,简寻cc,连载,都市爱情,1856,11206,1
人间花路,西西里呀,连载,都市爱情,1855,1761,2
栖栖不安,乖巧等你抱,连载,青春校园,1843,7282,1
茗暖兮寒秋,初洛茗,连载,都市爱情,1842,4125,1
我的小秘密,丁珰,连载,青春校园,1836,1249,1
他的眼是我此生不遇的海,山鬼,连载,青春校园,1833,7158,0
漠上花开,肉葱,连载,古代言情,1823,1031,0
你是星球最温柔,关舒窈,连载,青春校园,1813,11839,0
沪上某,朔方某,连载,青春校园,1923,2435,3
时光与你皆正好,二十四骨,连载,都市爱情,1921,12766,13
愚诚,王一舟,连载,青春校园,1919,6953,1
许你以南来往北走,护糖教主,连载,青春校园,1910,3563,4
我以他为家,江梨晚,连载,都市爱情,1909,657,1
圆滚滚和竹签签,粟笺,连载,古代言情,1905,3481,0
谁说矮个不能当超模,方忆薰,连载,娱乐明星,1882,5721,1
不曾错过怎会懂得,灵雀子,连载,都市爱情,1876,29262,2
冉冉兴起,归周,连载,都市甜宠,1871,1071,1
皇上你的龙椅可以 给我坐吗？,泥巴队长,连载,古代言情,1865,3380,0
我想陪你走过每一个孤独的夜晚,张秋雨,连载,都市爱情,1961,1889,0
纤忍迢迢,灵·陌,连载,都市爱情,1955,6797,1
初殇,hyh的熊宝宝,连载,青春校园,1950,1242,1
影帝独宠小萌妻,落幽燕,连载,都市爱情,1946,3371,0
爱在梧桐花开,安卡卡,连载,青春校园,1945,5391,1
南星顾北,甜酒小苏打,连载,娱乐明星,1944,1965,0
有幸,木一本,连载,青春校园,1943,6352,0
娘娘万福,香槟,连载,古代言情,1942,3059,1
不思量，自难忘,青酒,连载,古代言情,1937,1119,11
那年十七,奇书,连载,时空穿越,1933,8167,0
桃之幺幺，灼灼我心,青筱,连载,都市甜宠,2017,1349,1
乔警官的糖,橘子咕咕,连载,都市爱情,2016,4895,2
藏在心底的喜欢,仪兮,连载,青春校园,2013,5871,2
吹梦到西洲,端韫婷,连载,校园甜宠,2010,4274,2
日行一善,沈让,连载,仙侠神话,2004,13251,0
夜冉,江橙子,连载,仙侠神话,2004,3983,1
遗忘,阊阖,连载,励志人生,1997,9385,2
当霞光浅眠,弧芹絮子,连载,青春校园,1976,9491,0
蓄意承诺,己见,连载,都市爱情,1963,23180,0
林间有清歌,叶乔笙,连载,青春校园,1962,1232,2
真心爱你,逗宝宝,连载,青春校园,2159,7086,1
占卜的爱情,蒋初四,连载,都市爱情,2152,5555,4
阿江，恋爱循环中,槐南中秋,连载,校园甜宠,2145,5005,0
诗里有你的名字,默读匣子,连载,都市爱情,2144,1653,0
《碎语轻言海誓》,陌谂兮,连载,青春校园,2127,6095,2
谢谢你还在这里,云在野,连载,都市爱情,2119,5924,0
他与往事,蚊子不会飞,连载,青春校园,2104,7443,2
醉红颜,蒲蒲,连载,仙侠神话,2104,2865,2
不愿承认的欢喜,有氧泡泡,连载,都市爱情,2092,6884,1
腹黑王爷VS霸气王妃,仓白,连载,古代言情,2091,5703,0
他的小月光，过分可爱,夕素,连载,青春校园,2089,16039,5
云烟成雨唯不见你,柚子栖,连载,青春校园,2088,7925,1
你好！我的夏先生,羡烟,连载,青春校园,2087,6189,2
她的浓墨，重彩,八月惊蝉,连载,青春校园,2081,7504,0
OH MY GOD! 欧巴~,本樱,连载,都市甜宠,2071,8236,0
他钟爱甜酒,柒喃,连载,都市爱情,2069,5143,0
初夏微凉恋晚晴,袭月,连载,青春校园,2069,193970,1
繁芜,鹿野,连载,青春校园,2061,5215,2
一起走下去,一个人的唐朝,连载,青春校园,2061,9238,1
恰好欢喜,左丘毫墨,连载,青春校园,2035,7711,1
《很荣幸遇见你》,紫菀,连载,青春校园,2199,4674,0
我们，来日方长,木晓一,连载,青春校园,2194,4959,0
把你捧在星上,悦桐,连载,都市甜宠,2189,12835,2
信缘,忆鬼,连载,古代言情,2188,21246,10
过敏,初一,连载,悬疑推理,2185,1816,0
微风轻拂脸颊,九月,连载,都市爱情,2184,1032,1
听说你爱过我,墨染,连载,青春校园,2184,3464,2
25路汽车,听夜,连载,都市爱情,2178,4097,0
拯救问题少年需要从长计议,爱吃土豆豆,连载,青春校园,2169,13557,1
以儒相沫,一碗青稞面,连载,青春校园,2163,1007,0
半缘修道半缘君,吕屡旅,连载,古代言情,2287,1118,1
浮生香,沐语无声,连载,古代言情,2283,5632,1
那年初夏,七月九,连载,青春校园,2277,5540,1
锁风尘,枫染孤城,连载,青春校园,2271,16182,13
纵有离别亦重逢,柴米,连载,青春校园,2269,40233,2
最美好的夏天,子非云,连载,青春校园,2246,1128,2
千年缘 • 云之琴,小鲤飞鱼,连载,时空穿越,2239,8881,0
撩男神计谋手册,古枫清诚,连载,游戏竞技,2225,2133,1
舆论下的我们,付秋,连载,都市爱情,2220,5846,0
当静静遇上冬瓜,静静的冬瓜,连载,都市甜宠,2207,2526,1
弹丸之轻,北陕,连载,民国情缘,2355,1718,0
山有木兮木有枝,鹿殊,连载,青春校园,2354,8330,1
小小时光,陈辞,连载,青春校园,2350,3439,3
宫深缘起终落,‍初尘,连载,古代言情,2345,10820,0
怼天怼地怼皇帝,八方先生,连载,时空穿越,2336,3297,3
青年派「续写」,哄哄,连载,青春校园,2332,1018,0
电竞让人头秃,泥巴队长,连载,游戏竞技,2323,5674,0
我想像她一样,笑时正茂,连载,青春校园,2313,7805,2
你比草莓还要甜,小七,连载,校园甜宠,2307,1000,13
平生只要相思,车厘子,连载,都市爱情,2296,3171,1
徒弟有毒,洛婷婷,连载,仙侠神话,2402,3273,1
她和他,鱼头,连载,青春校园,2396,1205,1
蓬蒿的呐喊——舞台上的年轻人们,久南乔,完结,青春校园,2396,15365,16
浮生,柏塔不说话,连载,都市爱情,2393,8069,0
你一日在场征战，我心底你永为王,初笙,连载,游戏竞技,2389,1591,4
成为通房丫头的我被系统绑定了,嘉平二十一,连载,时空穿越,2389,1171,1
小贝向北，小南向南,菁大娘,连载,都市爱情,2382,9104,0
予你时光度流年,锦言,连载,总裁豪门,2378,3362,2
家家扶得醉人归,鱼幺,连载,青春校园,2368,7415,1
灵蛇奇缘,麦地醇,连载,古代言情,2360,14598,2
你是谁的白衣少年,寻吾,连载,校园甜宠,2656,7477,1
带着竹马去流浪,十一月,连载,重生异能,2630,15326,1
檀香引,丰子衿,连载,玄幻言情,2625,5465,0
迟余之年,朵歌,连载,玄幻言情,2623,16608,1
一折戏,陈雪梨,连载,古代言情,2620,3500,2
在最美的时光遇见你,落墨言希,连载,青春校园,2613,5744,3
老榆树旁的花骨朵,浪仔,连载,励志人生,2607,3250,1
原谅才是大爱,听我的,连载,青春校园,2601,30522,0
等什么君,只是戏子,连载,玄幻言情,2595,5539,1
纪·遇见,吴玘,连载,青春校园,2594,2058,0
AD钙,Fond  marin,连载,青春校园,2533,4056,5
right here waiting,拾柒,连载,都市爱情,2517,9772,0
皇上,露朝,连载,,2511,8186,1
你不要姗姗来迟,陈烟火,连载,都市爱情,2509,2737,2
绪垂昭墓,里隺不归,连载,悬疑推理,2507,4361,1
风也温柔,任柒柒,连载,都市爱情,2506,1642,0
星辰恋柔情,楚绾陶,连载,都市甜宠,2471,4811,0
风月情,沫枡,连载,古代言情,2470,3172,0
光逆,北戚戚,连载,青春校园,2469,1362,1
你温暖了我的时光,庄定谣,连载,都市爱情,2467,5403,1
拥抱你的全世界,手辰,连载,青春校园,2730,2491,1
陪你一起等雨停,宸北,连载,青春校园,2716,6255,1
纤尘阁,流馨予,连载,仙侠神话,2716,4108,3
她三,奈何三岁,连载,励志人生,2698,3232,2
你是星星吗,南蹊,完结,青春校园,2696,12990,10
一见倾心,思故,连载,都市爱情,2670,3436,4
别处撒野,南瓜,连载,都市爱情,2669,1173,3
逾期,月中月,连载,青春校园,2669,2826,0
我做你的全世界,非也大人,连载,都市爱情,2660,1840,37
夜深忽梦少年事,邑尔,连载,都市爱情,2659,10955,1
起缘，终分,話奕,连载,都市爱情,2462,710,0
还没到最后,林中的林,连载,青春校园,2461,6656,0
流年不负相思意,栀之水,连载,青春校园,2454,1380,0
相思赋予谁,乂十,连载,青春校园,2454,5515,0
咨询夜不眠,兰亦,完结,职场白领,2445,248476,0
静静地等着你,梦簪,连载,青春校园,2435,2232,0
心灵研究事务所,苏叶不是苏葉,连载,推理破案,2430,25324,0
快穿之努力活过十七岁,糯米团子,连载,穿书快穿,2428,6058,1
悲伤向北,阿伟1989,连载,青春校园,2426,17940,0
夏风拂过北极星,洛玖汐,连载,都市爱情,2410,3168,1
江山玩美,飘雪,连载,仙侠神话,2809,11914,1
小恩爱,芋梓,连载,都市爱情,2807,11720,1
惊霄九尘丶念狐娇,姣颜狐,连载,时空穿越,2804,6223,2
往后余生只有你,薄寒西文,连载,青春校园,2782,1109,9
风送你回我身边,宁奚,连载,青春校园,2777,2790,1
神圣国度,木头人,连载,奇幻空间,2770,2406,1
自作多情,沈瞳,连载,都市甜宠,2770,1942,1
终究不止忧伤,庆舒,连载,青春校园,2756,18535,1
不思归,梦萱,连载,励志人生,2747,1343,0
玫瑰蛇小姐,幸福的橙子,连载,都市爱情,2747,12221,1
我的明月凉如夜,南九北,连载,青春校园,2589,10267,0
滚烫星河,星河,连载,青春校园,2580,6333,1
成全,千纸鹤,连载,青春校园,2577,1373,0
你是我的专属温柔,白阮双,连载,青春校园,2571,8467,1
婚途有你，刚刚好,花花小姐,连载,都市爱情,2565,3922,1
只争朝晰,樨林有鹤,连载,游戏竞技,2564,4704,1
爱情修正师,叁月,连载,都市爱情,2560,1102,0
胭脂阁,栀子南,连载,仙侠神话,2554,2122,6
病房少女,镜月乘凉,连载,青春校园,2552,5237,6
超速绯闻,言不语,连载,都市爱情,2538,1264,6
迟嘉书,小老头,连载,古代言情,2895,7253,0
鲜衣怒马最网游,酥饼酒,连载,游戏竞技,2892,16645,3
春天的呼唤,顺乎自然,连载,都市爱情,2863,25983,0
恰逢卿,胡胡,连载,古代言情,2850,2148,1
若夫日出而林霏开,遖屿,连载,都市爱情,2821,3154,1
相见不欢，何以白头,衡止,连载,都市爱情,2821,4019,1
与光之间,雕猫,连载,都市爱情,2816,6619,7
满天繁星，璀璨如你,雅暄,连载,青春校园,2814,4093,2
万世独尊,南苑北墙,连载,仙侠神话,2814,5531,1
姑母今日不上朝,白鹤公子,连载,古代言情,2812,7236,1
我怎能将你比作夏天,梧遥,连载,青春校园,2951,9324,0
暖阳向着南风,娆酒,连载,青春校园,2950,7306,4
《梦玲传说》,牛可可,连载,都市爱情,2949,4088,1
覆手翻云只为喵,猫的兜里有糖,连载,娱乐明星,2948,3231,6
风声,雾漫漫慢行,连载,都市爱情,2946,22440,0
洛河之歌,梦小卓,连载,重生异能,2937,4220,2
感谢你温暖了时光,宋骁,连载,励志人生,2930,5443,3
平凡时光中遇见你,南巷狸猫,连载,青春校园,2915,9434,0
你是我的专属小点心,咏荞Hy,连载,都市甜宠,2912,5158,0
王朝魇,狐狸坐在沙丘上,连载,古代言情,2909,4934,0
戏精导演求捧红,思清入骨,连载,都市爱情,3013,1993,22
郡主在上,古枫清诚,连载,古代言情,3009,1052,0
进酒,笨末,连载,古代言情,3007,1819,2
他若星辰我似尘埃,a怀梦,连载,青春校园,2990,5416,2
你是我的爱而不得,悲,连载,都市爱情,2988,3279,1
顾恒念小时,七杭城,连载,都市爱情,2981,5165,2
他迷途在百年孤独里,Elaine,完结,都市爱情,2977,10358,3
月亮与K先生,野小意,连载,游戏竞技,2971,6457,4
她独占时光,一只小狗会飞天啾,连载,都市爱情,2961,4639,2
南巷的花猫,悸悛,连载,都市爱情,2957,2226,2
害羞的你,木头人,连载,玄幻言情,3121,3912,2
被神遗忘的世界,白米虫,连载,推理破案,3103,2714,15
北朝,许溟,连载,古代言情,3101,5301,0
漫上时光微微甜,阿然好可爱,连载,青春校园,3094,6302,3
《好在》,小张氏,连载,青春校园,3092,12966,5
等你 waiting for you,简心归晨,连载,都市爱情,3091,7708,3
穿越后她想谈个甜甜的恋爱,爱吃泡面的阿布,连载,时空穿越,3091,6490,0
带着夫君去经商,由子,连载,种田经商,3090,5581,0
她的小秘密,丁珰,连载,青春校园,3083,2214,1
遗憾列车,顾笙甜,连载,青春校园,3079,11601,1
霸总他想要甜甜的恋爱,晨总,连载,都市爱情,3078,5164,1
见君一面误终生,简心归晨,连载,古代言情,3073,2890,0
时光倾你，月倾城,沐一,连载,科幻未来,3047,4297,1
研路军途,战戈,连载,青春校园,3046,19264,0
这个公主不好惹,冰寒于水,连载,古代言情,3029,9305,2
甜妻在上，顾少请慢宠,那只猫吃洋葱,连载,都市爱情,3023,8116,1
来得及,千纸鹤,连载,励志人生,3023,2263,1
回到民国当侠女,邱子阳,连载,时空穿越,3019,23699,0
爱你，俗不可耐,老向废名,连载,青春校园,3015,12929,0
青色,XCY,连载,青春校园,3014,1729,13
你是流水我是花,什野,连载,青春校园,3221,7589,1
与你相识在梦境,词不达意,连载,都市爱情,3211,27723,0
你和我的青涩光年,关舒窈,连载,青春校园,3208,9183,2
一生一世，南竹愿,南栀北橙,连载,仙侠神话,3194,4461,1
浮生若梦浮生醉,娆酒,连载,时空穿越,3188,7596,4
她是黯淡星,纾亦,连载,校园甜宠,3178,5086,4
你是我的可遇不可求,绿蜡,连载,都市爱情,3174,11601,1
南枝为谁损芳姿,江飒,连载,古代言情,3172,32403,0
1/2灵魂,幸福的橙子,连载,青春校园,3165,14431,1
和你,承蒙,连载,青春校园,3132,6260,1
兔子眼红了谁的眼,利比莉,连载,青春校园,3290,68069,1
相执念,烟云敛,连载,仙侠神话,3275,12913,1
她站在人间吻你,舟舟栀,连载,时空穿越,3271,14490,1
三界壹生,Amanda,连载,玄幻言情,3266,6895,0
他比时光利落,宋泯央,连载,都市爱情,3254,15909,1
勿忘翩跹,林汀,连载,励志人生,3251,24962,1
右手军礼，左手是你,奈何三岁,连载,励志人生,3248,2495,17
醉梦无痕,菱羽,连载,玄幻言情,3244,5100,1
当植与宜欢,苏西,连载,古代言情,3228,24877,5
此去经年，不负相遇,时未,连载,玄幻言情,3223,6295,0
转世轮回只为你,攸邪,连载,玄幻言情,3441,5788,2
颓唐客,八月之望,连载,青春校园,3440,7122,2
等待一个人的散文集,程诺,连载,青春校园,3438,13870,0
炯炯有神,沐涳,连载,都市甜宠,3435,5551,6
孤馆闭春寒,云中鹊,连载,古代言情,3430,5669,1
等风沙过后---我回去找你,上上世纪被砸了脑袋依旧清醒的牛顿,连载,校园甜宠,3423,18708,0
等待奇迹的绽放,冬杨,连载,青春校园,3410,11513,0
摽有梅,白木蕖,连载,青春校园,3409,16822,0
病房女友,韩年淮乱,连载,青春校园,3399,5030,1
帝宫东凰飞,梦簪,连载,古代言情,3394,6834,1
假如我是真的,假宝英,连载,都市爱情,3392,4198,4
往生不负与你,非也大人,连载,都市爱情,3383,5738,2
反派与男主的恋爱,祈年,连载,悬疑推理,3382,5064,1
良宵美景予你,邬二一,连载,青春校园,3365,2206,1
肆乱欲野,什野,连载,古代言情,3360,1193,1
情定少年时,铁锅炖肉,连载,青春校园,3360,15054,1
九州乘风归,度余生,连载,古代言情,3348,9268,1
缘于宫,‍初尘,连载,古代言情,3320,10819,3
扶世,顾四六,连载,仙侠神话,3315,4628,4
冬日渐暖,魏春树,连载,青春校园,3290,10653,0
一见就欢喜,怂萌呀,连载,都市甜宠,3734,6923,3
定浮生,千岁忧,连载,古代言情,3731,19996,1
这个男人来自X星球,爱藏獒的葱,连载,奇幻空间,3729,5471,0
优雅是种力量,晓雪,完结,励志人生,3719,92638,2
《原来我曾如此爱你》,西江,连载,青春校园,3702,6261,2
极品弟弟,南巷狸猫,连载,都市爱情,3694,7266,0
有容格格,目成,连载,民国情缘,3690,8541,0
放不下的你,Chun夕,连载,青春校园,3679,157576,1
正魔,君笙邪,连载,仙侠神话,3677,2631,1
长欢愉,檀吟,连载,青春校园,3655,2219,1
无悄不成姝,昭华,连载,都市甜宠,3561,11756,1
愈爱愈美丽,大卌NA,连载,都市爱情,3540,2946,0
在你心上开一枪,时七,连载,游戏竞技,3532,4542,3
陌上支影的女孩,蔗糖苦瓜,连载,时空穿越,3501,17485,2
温柔成疾,一抹多,连载,青春校园,3498,7732,1
何其幸运遇见你,Yukiki,连载,都市爱情,3486,3604,0
彩虹替我说爱你,麻小佳,连载,青春校园,3480,9604,3
昭昭星万里,邬二一,连载,青春校园,3478,5418,3
温酒炖时光,鹿壹玖,连载,青春校园,3477,8383,1
流浪,蘈就,连载,校园甜宠,3455,10253,2
暗恋的大佬每天都在偷瞄我,不羡鱼,连载,青春校园,3826,9454,7
沉渊向欢,美男子,连载,总裁豪门,3823,5788,1
若不能同生,阿年,连载,都市爱情,3814,13468,0
暖终离散·岁月难安,梦七七,连载,,3809,7780,1
一本不正经的博物志,安迪斯晨风,完结,励志人生,3801,128076,6
悠悠球,木琳,连载,青春校园,3787,8479,0
你若不离，我便不弃,离书,连载,青春校园,3782,3498,2
修习者,154,连载,重生异能,3773,6753,0
枯夏,雁疏南,连载,青春校园,3762,27473,5
我愿有来生,九月枝繁,连载,宫斗宅斗,3736,6985,1
再次相见 星辰亦转,惟蜜桃酱,连载,青春校园,3644,12395,1
仙狐,湛蓝,连载,仙侠神话,3644,6652,1
快穿，这个红娘脾气有点小暴躁,猫的兜里有糖,连载,玄幻言情,3642,5918,9
单翅爱情,丰煜,连载,都市爱情,3632,1973,0
云海间,不记年,连载,都市爱情,3628,20298,1
胜过蜜意你比糖甜,南亿,连载,都市爱情,3601,10499,0
美人画骨,肆三,连载,古代言情,3594,5220,8
逆天绝杀,梦见灵儿,连载,推理破案,3568,10937,0
丞相，咱有话好好说,云小欢,连载,古代言情,3567,5255,3
我只是一个受气包,异情,连载,青春校园,3564,1013,0
他比时光姗姗来迟,音十,连载,青春校园,3947,5360,57
汉服美眷动京城,古灵精,连载,都市爱情,3919,2984,1
岛屿,老板有酒,连载,青春校园,3916,17083,1
人间雪白头,林小小鹿,连载,都市爱情,3900,5727,1
晚春之时,粟笺,连载,总裁豪门,3891,11234,0
奋不顾身扑向你,棹鸟,连载,青春校园,3883,6310,0
晨光闪烁,鹿鸢,连载,都市爱情,3856,15894,3
十二张照片,如晨,连载,青春校园,3847,6185,2
边疆小书商,子衿娘,连载,古代言情,3841,6745,2
《遥庭之宇》,初灵陌,连载,古代言情,3831,9017,3
属于甜心公主的爱情,不哭的小猫,连载,青春校园,4045,10084,0
开到荼蘼,以雅安歌,连载,都市爱情,4033,5152,1
快穿攻略：男神，有点甜,十三有九,连载,奇幻空间,4003,5074,8
梅花香自苦寒来,虚负青春,连载,青春校园,3998,12254,2
云笈英华录,花销英气,连载,游戏竞技,3992,7682,1
我爱你，不愿后悔,芸樱,连载,青春校园,3988,11608,2
烟花•风月,奥蕾莉亚,连载,古代言情,3977,5823,0
相见恨晚且怀念,暮帆,连载,古代言情,3972,5154,110
笙生烬,a怀梦,连载,古代言情,3972,7113,1
史上最乱大乐斗,俗人,连载,仙侠神话,3949,7682,1
总是借我钱的林叔叔,沈茕茕,连载,都市爱情,4126,8000,2
捕捉娘子,徐欢生,连载,校园甜宠,4122,10727,1
医生住隔壁,十元mina,连载,都市爱情,4118,5890,1
豪门婚约:烈总霸宠傲娇妻,柒大大,连载,总裁豪门,4115,9691,0
韶光负流年,讨厌下雨的猫,连载,都市爱情,4096,11991,1
他乡佳人难再得,花仔,连载,古代言情,4096,6284,3
《傅总，你的小可爱已到达》,江橙子,连载,都市爱情,4080,1002,1
我的迟钝少女小呆猫,夕木,连载,青春校园,4071,5269,3
如果师父想成仙,小老头,连载,古代言情,4063,9692,2
崖上柳青青,秋千乱红,连载,青春校园,4045,9051,1
追华晨宇的日常,柒大大,连载,娱乐明星,4245,5503,4
[穿书]追星狗的女配生活,时光seven,连载,都市甜宠,4196,4569,9
差一点遗憾,丝芍,连载,青春校园,4194,7263,1
请允许雪沫随风消逝,不哭的小猫,连载,青春校园,4180,23022,0
南风饶絮间再遇,林也金,连载,都市爱情,4162,3496,0
有幸遇见你，余生为你而来,卿盏,连载,青春校园,4161,14666,1
南墙的灯，北面的光,冯乔,连载,,4160,6229,1
我的青春我做主,荣师兄,连载,青春校园,4151,29172,3
难哄,江幼,连载,青春校园,4146,5707,82
风华多指教,南亿,连载,古代言情,4138,15899,0
女巫与红狐,史黛西·赫思,连载,外国文学,4454,175098,1
幻想笔记,阿姨,连载,玄幻言情,4439,16053,1
唯读爱恒久,铭浩轩,连载,青春校园,4435,31620,0
大狗小狗,谷洁,连载,励志人生,4431,5294,3
划破黑夜的那一束光,木头人,连载,科幻未来,4370,10421,1
幸福在身边,艾海,连载,都市爱情,4363,38954,0
钤玒馆,顽石亦玉,连载,古代言情,4351,18426,2
黑犬先生柠檬精,伍月,连载,都市甜宠,4331,61334,1
强“宠”为双,龙清凌,连载,都市爱情,4311,2978,5
我和死对头相亲相爱了,妃水水,连载,都市爱情,4256,6715,12
始知相忆深,微染,连载,都市甜宠,4644,7816,6
骆骆,子琳,连载,玄幻言情,4615,13241,1
蹩脚侦探和他的助手们,笨末,连载,推理破案,4593,85050,3
一枕一席一个你,子厌歧,连载,都市甜宠,4591,10540,1
谁管咱爸妈,清羽,连载,婚姻家庭,4575,8257,35
在你心头降落,卡布奇诺的猫,连载,青春校园,4565,7823,3
夜将行.,顾子琛.,连载,古代言情,4560,1396,2
南风北巷,慕容宁音,连载,都市爱情,4541,1755,14
梦一场江南烟雨,月下松风,连载,古代言情,4482,15681,1
想为你拨开阴霾,蔓安,连载,青春校园,4457,41352,2
重耳、缘来是你,我是心语,连载,古代言情,4899,15186,1
如此可爱的你,龙中雀,连载,青春校园,4852,10990,0
南靳长弦歌,竹樾,连载,古代言情,4844,9002,5
熠熠方圆,阜山,连载,都市爱情,4836,20146,1
奶糖味的暗恋,顾蕊,连载,青春校园,4832,1977,12
盐渍玫瑰,贺三二,连载,都市爱情,4789,13856,1
重生搞事攻略,见夏,连载,宫斗宅斗,4768,13510,11
俪妃传,昔柚,连载,古代言情,4742,6140,1
甜药,纾亦,连载,都市甜宠,4675,4495,1
幻梦之境,周十一,连载,奇幻空间,4666,21674,1
杪秋前记（短篇集）,滞月杪秋,连载,古代言情,5118,10505,1
星空迷航,千岁郎君,连载,科幻未来,5089,5517,32
黑萌符师,杏辰,连载,玄幻言情,5068,12627,1
不配,七落,完结,青春校园,5036,305986,6
廊情画意,什为为,连载,都市爱情,5026,36734,0
陌上花开，应是良辰好景时,古枫清诚,连载,都市爱情,4983,8604,3
致那终将逝去的青春,闰土家的小猹,连载,青春校园,4962,16220,3
不遇天人不目成,君慕倾,连载,都市爱情,4946,1905,9
帝尊大人的心尖首徒,婳卿,连载,玄幻言情,4931,51743,4
暖意如冬怀,栯匪君之,连载,都市甜宠,4903,9817,1
好想要牵你的手,浅白,连载,青春校园,5522,5606,1
战神的宠妃,战甲,连载,古代言情,5502,12117,0
为什么大家那么爱我,沐涳,连载,古代言情,5464,17451,3
破晓,肖有钱,连载,都市爱情,5450,5822,3
星塔,镹時,连载,科幻未来,5446,10944,26
竹马恋青梅,小熊饼干,连载,校园甜宠,5398,3326,1
爱你，才是长久之计,汪汪汪,连载,都市爱情,5382,6326,24
无尽风雪路,枯试,连载,古代言情,5376,21764,9
池雨思顾渊,葵绿,连载,都市爱情,5372,30997,2
王的贴身女侍卫,小门牙,连载,时空穿越,5363,9772,3
华锦如梦,时卿,连载,古代言情,5343,7470,2
破雪归来兮,长白红景天,连载,古代言情,5332,17507,2
谎,乘摇,连载,古代言情,5239,13695,1
昨天的现在的未来,菜菜,连载,青春校园,5218,16583,4
十八,儒墨,连载,青春校园,5208,41899,2
念念不忘，年少青华,星辰,连载,,5202,5425,3
如你,折耳,连载,都市爱情,5193,9797,3
遇见你，竟花光我所有的运气,南无桑,连载,都市爱情,5151,6327,17
孤独邮差,丹尼斯·特里奥特,完结,外国文学,5147,46605,14
微雨燕双飞,咏荞Hy,连载,都市爱情,5131,5600,1
白月光先生,米敏,连载,都市爱情,5700,36941,0
皆胜意,檀吟,连载,古代言情,5693,9524,1
大艺术家,易天路,连载,推理破案,5648,10402,0
快穿之女配总是在作死,虞清柩,连载,奇幻空间,5606,7696,8
心有灵犀,浮梦,连载,青春校园,5601,17423,1
龙公主的宝石,sky木有鸟,连载,玄幻言情,5598,15214,2
穿成霸道王爷的心头血,青柑不酸,连载,古代言情,5569,24956,1
巫人,巫灵范,连载,,5559,10000,0
川上赴野,野小逸,连载,都市爱情,5558,1132,2
我的“805高地”战友们,长白红景天,连载,青春校园,5528,17512,1
实习死神,顾安乡,连载,玄幻言情,5961,7515,13
奇书诗歌,谁家帅哥,连载,青春校园,5929,13185,0
竹马变青梅,橙大白,连载,青春校园,5928,2406,37
瓦尔登湖,亨利·戴维·梭罗,完结,外国文学,5918,200400,20
我是你的,疏疏一树,连载,都市爱情,5902,6089,1
谁是凶手,梦如芙蓉铺,连载,推理破案,5875,6770,0
渡归记,琳琅不青,连载,古代言情,5847,7270,4
ANOTHER,吴玘,连载,奇幻空间,5767,8994,0
亲爱的总经理,小九儿,连载,都市爱情,5757,15440,0
假玫瑰,陆夏,连载,都市爱情,5735,17108,1
荒岛七天,白玥,连载,都市爱情,6209,6725,0
薄少的密爱暖妻,炫小锡,连载,玄幻言情,6182,10797,0
跨界,亡夜,连载,玄幻言情,6178,39135,7
只为他停留,岁远,连载,都市爱情,6095,9613,0
我的未婚夫男友,公子之恒,连载,玄幻言情,6075,17589,16
暗恋日记有点甜,烟雨惊鸿,连载,都市爱情,6075,36565,1
沧海剑侠传,太行天仙,连载,仙侠神话,6025,52468,0
春水,听夜,连载,婚姻家庭,6022,1249,0
时光听我说爱你,沧蕙,连载,青春校园,5997,35405,1
桭闫,洛柠,连载,青春校园,5991,12117,1
有你，岁月会静好,一揽芳华,完结,青春校园,6568,37624,12
有生之年，我愿和你在一起,云在野,连载,都市爱情,6508,20633,1
馆长大人此情可依,花时醉,连载,都市爱情,6501,6126,18
请你先说你好,青山如是,连载,青春校园,6452,23739,2
等你在幕后,九月梓,连载,青春校园,6432,12030,5
月光下的青春,晴川沥沥,连载,青春校园,6408,41033,0
有个人爱你很久,花时醉,连载,都市爱情,6358,5801,19
声声不息,凌筝,连载,玄幻言情,6318,6314,3
寒苦谙冰雪,包二径,连载,都市爱情,6272,10528,0
甜梅号角,未由之阙,连载,青春校园,6212,12864,23
主角工作室,郝好,连载,都市爱情,6808,18453,0
你是星河万里,梦君仙森,连载,青春校园,6726,22048,5
请叫我易小姐,艾海,连载,都市爱情,6708,54925,0
纪先生的小确幸,时九思,连载,都市甜宠,6691,21625,2
X＋Y＝2Y,时旬,连载,婚姻家庭,6681,11816,1
我们曾相爱,壹贰,连载,青春校园,6669,7541,1
清决尤微,路庭安,连载,都市爱情,6644,14251,3
《囚笼》,江橙子,连载,都市爱情,6621,3141,1
奇书散文,谁家帅哥,连载,时空穿越,6612,15803,1
物理学家培养方案,简卿兰,连载,青春校园,6575,18903,0
AS星光录,寺德,连载,青春校园,7067,22670,0
温柔王子的粗暴公主,不哭的小猫,连载,青春校园,7059,15461,0
银河也会失落,晴川沥沥,连载,都市爱情,7005,48479,0
假如我们都是繁星,Amanda,连载,都市爱情,6950,19487,0
星辰深处遇见你,残年,连载,科幻未来,6928,5112,78
男神被我分手了,向晚意,连载,都市爱情,6923,17509,3
泱及池俞,寻梦,连载,青春校园,6875,14441,6
最后的童话,王泡小泡,完结,青春校园,6857,126276,34
圆谎者,蓝花楹,连载,都市爱情,6844,6388,4
望到蔚蓝,39度风,连载,都市爱情,6815,18899,3
遥远的歌,林四月,连载,青春校园,7262,32932,0
春日序曲,（美）安德烈·艾席蒙,连载,外国文学,7202,152585,12
圆明缘,谷洁,连载,古代言情,7188,15498,1
《囚仙》,柚梓,连载,仙侠神话,7174,16159,0
若我不在,罗晓蜜,连载,都市爱情,7161,18967,3
漓昤箓,苏其浅瑭,连载,仙侠神话,7146,26133,1
少年人,允凡,连载,科幻未来,7144,17209,2
殁鸦,素锦年0,连载,玄幻言情,7126,15116,11
再见你那时烈日骄阳,南鸿,连载,青春校园,7115,18183,7
殊不知非,宣子柚子,连载,仙侠神话,7078,17929,7
从零开始的告白,凉久,连载,校园甜宠,51685,232385,256
对你不止有心动,云中君,完结,玄幻言情,51556,441944,76
穿书后女配每天都在保命,叶小绮,完结,穿书快穿,51489,1082366,18
学长别跑啊,初笙,连载,青春校园,51380,87880,151
落尽繁花伴君眠,一苇以航,完结,古代言情,51338,223737,129
在这浮华世界里，我只要刚刚好,芝麻,完结,励志人生,51251,100245,19
终有弱水替沧海,君沐泠,完结,都市爱情,51165,103288,38
听说你撬了我家锁,萧半纯,连载,都市爱情,50901,216227,2
刚枪组合超级甜,令茶,完结,游戏竞技,50863,805791,408
影帝太爱我了怎么办,狐狸坐在沙丘上,完结,都市爱情,50742,128590,54
消失的女孩,柯熙·卓安,完结,外国文学,53142,157886,76
情不知所起,疯子傻子,连载,青春校园,53124,265673,1
田园农妻：腹黑王爷带回家,小玥玥,完结,种田经商,53119,741562,85
一见修远误终身,琥珀,完结,都市爱情,52941,102816,62
民国女侦探,孟三茶,完结,民国情缘,52934,297187,62
盗尽君心,打伞的蘑菇,完结,古代言情,52555,130511,60
你的世界总有一个我,顾合一,完结,都市爱情,52374,79158,130
竹马爱豆攻略我,小春生,完结,校园甜宠,51921,230642,272
人生处处是修行,鬼脚七,完结,励志人生,51778,130068,22
与你比邻长相老,早安喵,完结,青春校园,51702,233528,223
碰燃心动：美女，买个车,阳光暖暖,完结,职场白领,55563,329123,48
槭树物语,咕噜咕噜,完结,都市爱情,55376,997903,97
摄政王又甜又撩,路东瑶,连载,宫斗宅斗,55343,5341,12
我家老公贼可爱,泡芙配虾,完结,都市爱情,55152,483002,122
汉宫未央之询君录,莫衷一是,完结,古代言情,55027,894830,73
聚光灯下的爱恋,七八九十,完结,娱乐明星,55018,984658,102
男大当婚，女大当嫁,盖盖,完结,青春校园,54310,182905,38
唯愿当歌对酒时,鎏公子,完结,仙侠神话,54100,523801,69
花落千年逐流水,满城桃花,完结,仙侠神话,53785,133054,86
我有一座甜品屋,柒柒,完结,奇幻空间,53553,215672,35
喜欢你，那件很简单的小事,夏酷酷,完结,青春校园,58065,114790,117
探春志,夏之婉,完结,古代言情,57406,246594,25
恋千年：我的海盗夫人,仲安歌,完结,宫斗宅斗,57310,311525,13
赐婚为妃，嫁个祸害,鸢尾,完结,古代言情,57308,314765,66
萌主医妃，王爷别动粗,锦鲤猫猫,连载,古代言情,57277,838801,76
灵泉空间，神医农女有点肥,月宝酱,完结,种田经商,57239,1209684,19
知更鸟女孩2,（美）查克·温迪格,完结,外国文学,57032,162278,115
重启人,艾米·亭特拉,完结,外国文学,56877,142910,85
别来无恙，你在心上,依叶,完结,婚姻家庭,56384,426831,95
咸鱼女配不配宅斗,猫吃鱼不睡觉,完结,古代言情,56191,767502,39
你都不配我毒舌,金国栋,完结,都市爱情,67828,107520,106
如果读得懂你的心,山雨欲来风满楼,完结,职场白领,67327,219112,79
东方须臾高知之,灯下客,完结,古代言情,66898,588644,200
落月赋,韶兮夏,完结,古代言情,66897,92258,127
越孤独越自由,傅踢踢,连载,励志人生,66733,41096,60
强势婚宠，总裁大佬请放手,baby魅舞,完结,总裁豪门,65487,775885,148
把每一天都当做末日来爱你,怪兽不乖,完结,科幻未来,65044,1000670,27
神君大人，约吗？,浪浪,完结,仙侠神话,64819,240001,71
青春欠我一个旧时光,顾南玖,完结,青春校园,64749,386248,132
直到那一天,雪梦城,完结,都市爱情,64632,254682,68
亲爱的戏精先生,唐小蓝,连载,都市爱情,62535,190723,251
过客匆匆,飘阿兮,完结,都市爱情,62262,277336,97
恰似你的小可爱,肥耳猫,完结,校园甜宠,62231,134740,216
青耳不语,十辛,完结,都市爱情,61881,242945,105
萧风惊澜雨,泱泱不及池鱼,连载,民国情缘,61579,123102,20
报告太子：太子妃去点兵了,秋凉,完结,古代言情,61267,2028791,31
曾有月光夜倾城,挽将倾,完结,都市甜宠,60948,137039,60
她作一盏长明灯,风来,完结,古代言情,60677,400666,152
谁许谁一世深情,桔烁,完结,青春校园,60556,169973,67
转发这条小锦鲤,令茶,完结,玄幻言情,60506,858928,167
云端漫步,贮夏,完结,职场白领,70572,205659,57
夫君大人别找事儿,蓝雪心,完结,古代言情,69335,1062494,62
如果机器人会流泪,多多,连载,科幻未来,69284,147285,97
不可复制的恋情,子琳,完结,都市爱情,69119,789810,105
玄光传,余鲸落,完结,仙侠神话,68981,211254,316
凶手，请你下车,凝雪月白,完结,都市爱情,68960,144261,48
报告，余生是你,时光seven,完结,校园甜宠,68841,155221,135
农门娇妃，买个丑夫喜种田,无鱼,完结,种田经商,68562,476235,67
面具至尊,蓝花楹,完结,二次元,68102,702329,39
陛下在上，臣在下,江上影,完结,古代言情,67898,220525,65
重返19次人生,克莱儿·斯沃特曼,完结,外国文学,60261,170356,104
娇妻嫁到，战神夫君快投降,蝶影轻舞X,完结,古代言情,60238,620227,69
灿若繁星,赫城,完结,职场白领,60106,221670,116
动情之后,门前风,完结,都市爱情,59940,173209,23
空间弃女：妖孽将军来种田,白马非马,完结,种田经商,59743,1000171,56
终于等到你,蓝白色,连载,都市爱情,59680,49139,32
第一女盐商,巴达兽,完结,种田经商,59219,1316389,56
你和梦想之间，只差一个行动,行动派,连载,励志人生,59040,31225,17
茗茗喜欢你,茗致,完结,青春校园,58308,242849,176
师门不幸，这都是命,姣祖凰,连载,玄幻言情,58098,268041,2
你今天看起来很美味,小丑鱼,完结,都市爱情,73496,268882,127
不仅尤点喜欢你,茄子妖娆,完结,娱乐明星,73019,194546,137
灼心热恋,Krystal,完结,青春校园,72963,215750,250
知更鸟女孩,（美）查克·温迪格,完结,外国文学,72711,143558,233
论如何攻略世子爷,痴狂未戒,完结,古代言情,72610,446808,66
久慕情森,云中锦,完结,都市爱情,72344,80125,25
余狐择伶,沐泠杳,完结,古代言情,72154,131023,68
沙海无门,吴有音,连载,悬疑推理,72081,103788,62
刺槐,野榈,完结,都市爱情,70988,131141,25
天暗下来，你就是光,苏画弦,完结,都市爱情,70578,305119,243
我在回忆里等你,辛夷坞,完结,都市爱情,64416,274541,258
我见江山多锦绣,初妍,完结,宫斗宅斗,64266,200190,23
她是小甜酥,酥心糖,完结,都市爱情,64262,139102,103
咦，升官发财送老公？,锦余,完结,玄幻言情,64074,609037,83
你的世界，我来了,千秋子,连载,都市爱情,64059,182513,1
一路繁花相送,青衫落拓,完结,都市爱情,63787,270258,173
青天与你我都热恋,弃弈,完结,游戏竞技,63632,265310,165
今夜有佳人,姜姽婳,完结,都市爱情,63580,204311,253
听说我捡到了一条锦鲤,肥啾,完结,仙侠神话,63044,235873,55
入戏,榷湫,完结,娱乐明星,62855,421206,151
繁花下罗莉亚,清禾,完结,推理破案,77166,143912,219
女医夜行,石若轩,完结,民国情缘,77103,130963,139
前男友捕获计划,木良NANA,完结,都市爱情,76543,228949,138
商女胜男：我家娘子有点狠,阳光暖暖,完结,种田经商,76543,603778,78
相思知几许,花辞,完结,青春校园,76513,369399,101
春江花月夜之有狐,多多,完结,古代言情,76467,200057,199
她那么可爱,梨子新茶,完结,都市甜宠,75717,137568,294
时光有你刚刚好,长夜漫漫,连载,都市爱情,74433,109587,506
她又软又甜,月见的猫,完结,校园甜宠,74336,100849,387
离秋不知秋深,青禾,完结,都市爱情,74223,196755,172
偷偷喜欢你,它叫安德烈,完结,青春校园,80704,180336,281
纸婚2,叶萱,完结,都市爱情,80663,256756,47
最亲爱的你,今叶白,完结,校园甜宠,80394,212515,250
明年花开，你在哪里,清木风,完结,青春校园,80360,548308,21
摆渡人,[英]克莱儿·麦克福尔,完结,外国文学,80316,161678,393
谁与桑落,十辛,完结,都市爱情,79495,256684,134
你是我的甜蜜饯儿,苏夭夭,完结,都市爱情,79487,780520,155
生命的橄榄绿,九秋,完结,都市爱情,78966,501125,120
和你在一起才是全世界3,大柠,完结,都市爱情,77612,80332,710
你是谁的此间少年,一语千城,完结,青春校园,77196,142725,70
逆行而来的你,声声慢,完结,都市爱情,83165,179423,109
不会谈恋爱的我,金国栋,完结,都市爱情,82578,84770,230
骄阳,晚乔,完结,都市爱情,82490,113927,24
你的软肋，我的铠甲,木堇,完结,校园甜宠,81997,268949,300
微光迷失的尘夏,赤焰冷,完结,都市爱情,81790,157513,9
时光与你，恰是正好,晚晴,完结,都市爱情,81707,426102,274
你若回眸，岁月皆温柔,白浮生,完结,都市爱情,81543,285306,138
时光让我遇见你,東米子,完结,总裁豪门,81514,936113,158
恋爱风线,夏茗悠,完结,都市爱情,81389,103418,178
再见，萤火虫小巷,【美】克莉丝汀.汉娜,完结,外国文学,81016,252582,154
弥弥之樱,笙歌,完结,青春校园,87091,128524,103
戏子,饼姬,完结,民国情缘,87028,123058,187
青梅翻墙了：竹马，别缠我,花葵向暖,完结,都市甜宠,86877,539687,197
芒川非川,十辛,完结,都市爱情,86399,203773,120
王爷，你家王妃快挂了,巴达兽,完结,古代言情,85632,2029605,169
星河深处皆是你,欢喜,完结,科幻未来,84807,224162,85
良夜又逢,宴阿心,完结,宫斗宅斗,84690,252639,41
妙不可言的你,白槿余,完结,娱乐明星,84549,121552,195
影帝女友戏太多,叶子,完结,娱乐明星,84350,2045707,101
终不过南来北往,一口小甜饼,完结,都市爱情,84041,45741,106
待我回来，娶你可好？,北方有佳人,完结,婚姻家庭,90891,1691514,54
每次想你都很甜,小春生,完结,校园甜宠,90740,175629,242
孤独是一座岛,安逸,完结,科幻未来,90130,212159,84
对这个残酷的世界说情话,韩松落,完结,励志人生,89078,126328,30
我是女王,伊能静,完结,励志人生,88803,114274,38
并指如刀：阿郎看电影,阿郎,完结,励志人生,88610,154109,18
白龙物语,千夜,完结,玄幻言情,88538,209643,177
我们的千阙歌,青衫落拓,完结,都市爱情,88149,381950,224
是谁杀了我,艾米·托金顿,完结,悬疑推理,88020,135415,125
荒唐成宠,咕咕鸡,完结,都市爱情,87344,473435,70
快穿之反派Boss黑化中,半仙开个门,完结,奇幻空间,95182,223949,64
目光,陶勇，李润,完结,励志人生,95096,97743,87
宜少，我是你的甜心呐,烟不才,完结,总裁豪门,94241,224034,153
婚不由己，厉总老婆要乖乖,是糖糖呀,完结,都市爱情,93835,451124,317
亲爱的齐先生,安小琪,完结,职场白领,93812,210411,150
等我嫁给你,闻人可轻,完结,都市爱情,93531,115919,11
彩虹糖下的爱恋,香香公主,完结,职场白领,93526,225143,139
为你执念一生,思清入骨,完结,都市甜宠,91918,216939,119
我的犬系超能男友,叶辰星,完结,重生异能,91405,424056,213
墨然相守，衿便不离,竹韵可依,完结,青春校园,91186,137460,401
应许之日,辛夷坞,连载,都市爱情,102194,43739,380
人海之中找到你,追月逐花,完结,都市爱情,101225,206431,258
哼！就是那么喜欢你,明月清萧,完结,校园甜宠,100577,899209,381
橡塔,墨小芭,完结,青春校园,100301,173400,208
纸婚,叶萱,完结,都市爱情,98852,252376,112
第一次喜欢你,胭橙,完结,青春校园,98519,221843,331
匆匆时光不及你,纪南辰,完结,校园甜宠,97627,312546,270
被光芒簇拥的他,鹿街山奈,完结,都市爱情,96529,208092,388
秦先生的招财猫,月三公子,完结,都市爱情,95776,239829,84
影帝其实是大佬,不知,完结,都市爱情,95463,256970,293
半梦半醒中等你,顾南苑,完结,都市爱情,113731,143145,90
状元大人腿软了,下雨天,完结,种田经商,113245,740920,72
最美不过与你的时光,唐澄心,完结,校园甜宠,112595,258105,382
张英明谈恋爱,泡泡雪儿,完结,都市爱情,112269,99575,74
相思逢春老,五叁肆九,完结,仙侠神话,112058,146246,80
余生，和让你笑的人在一起,花拉拉,完结,婚姻家庭,111966,217957,373
爱短情长,墨颜,完结,都市爱情,111739,135169,51
北有离陌,梅雪姚,完结,古代言情,110478,248386,215
蛇王来袭，妈咪快跑！,鸢尾,完结,玄幻言情,110252,283453,39
晨昏,辛夷坞,完结,都市爱情,109964,122076,331
追光者,唐小蓝,完结,科幻未来,109827,212831,183
唯一的星芒,果冻鱼,连载,游戏竞技,107161,996201,157
双面千金，顾少请多指教,云星,连载,总裁豪门,106122,677306,323
人生所有经过的路，都是必经之路,鬼脚七,完结,励志人生,105725,106490,59
来不及从头开始爱你,西西里呀,完结,都市爱情,105445,168347,61
教授，谈个恋爱，可否？,木堇,完结,都市甜宠,105279,275856,522
愿你迷路到我身旁,蕊希,完结,励志人生,104889,72217,209
晚枫谣,壹落,完结,古代言情,104701,39096,90
今天竹马真香了吗？,甜栗荔枝,完结,都市爱情,104665,222372,268
往生簿,凉久,完结,玄幻言情,102722,541625,278
萤火虫小巷,【美】克莉丝汀.汉娜,完结,外国文学,121536,252112,160
穿过漫天炮火,江上影,完结,娱乐明星,121416,399374,72
我和你逆转时光,随宇而安,完结,都市爱情,120869,248055,178
指间的星光,暖暖风轻,完结,都市爱情,120068,175564,254
我们（下）,辛夷坞,完结,青春校园,119529,127569,872
凉风习习话江楠,弈皌,完结,娱乐明星,119149,140449,726
翊夫当关,风来,完结,都市爱情,119089,228185,171
山月不知心底事,辛夷坞,完结,都市爱情,116466,372800,633
漫天星辰不及你,凉茶西柚,完结,娱乐明星,115464,265077,125
偏爱你的甜,苏亦,完结,都市爱情,114207,97779,319
学霸总撩我,下雨天,完结,校园甜宠,155855,152504,534
许你一世浮屠,帝倾,完结,都市爱情,155744,344664,122
遇见你好幸运,暖暖风轻,完结,都市爱情,155523,251128,287
一杯温凉,木良NANA,完结,都市爱情,153647,164745,111
原来你还在这里,辛夷坞,完结,都市爱情,152598,213051,606
白马流年太匆匆,闻人乐心,完结,青春校园,151091,316476,172
余生是你，糖也是你,木木雨巷,完结,青春校园,150864,234728,1026
慕我之卿,凝雪月白,连载,都市爱情,149115,399572,23
我家大神名知许,不吃萝北呀,完结,校园甜宠,148425,233001,338
蓦然情深,公子兮,完结,都市爱情,148255,196127,373
妙手神医：夫君嫁我可好,柳十三,完结,古代言情,136728,241373,190
契约娇妻：总裁，余生请多关照,月十五,完结,总裁豪门,136643,148808,200
绝世狂妃，燃爆了！,花花小姐,完结,玄幻言情,135800,56577,35
傲娇遇见童话,怪兽不乖,完结,玄幻言情,135645,1000581,51
且以欢喜共余生,景行,完结,都市爱情,135215,143411,184
其实，我喜欢你很久了,林小船,完结,青春校园,135122,161731,311
我的狐狸陛下,龙清凌,完结,古代言情,134473,469624,426
逢君光年外,深蓝,连载,古代言情,133397,180830,486
他来自群星深处,木良NANA,完结,科幻未来,132636,298093,53
你就那么喜欢我,冉求,完结,青春校园,132509,239942,164
她的梨涡很甜,茗致,完结,校园甜宠,165383,229660,543
我爱你到三十岁,仙女没有魔仙棒,完结,都市爱情,164220,368825,443
流年似锦,锦余,完结,校园甜宠,164203,234812,355
微光里,鸡蛋羹,完结,都市爱情,163732,202121,384
鹤唳华亭,雪满梁园,连载,古代言情,162472,394362,399
全场高能,千牧,完结,游戏竞技,161170,259983,67
佛性白月光穿书日常,鸡脚仙女,完结,玄幻言情,160583,200806,268
再婚：我的后半生,小酒馆,完结,婚姻家庭,158883,1063448,121
是你逼我追你的,迷漾,完结,都市爱情,157799,129058,354
一念心动，一生绵延,无处可逃,完结,都市爱情,157010,216786,182
只想和你在一起,今叶白,完结,校园甜宠,132360,296174,237
我和前夫都重生了,仙芋青稞,完结,青春校园,132278,166690,105
和你在一起才是全世界2,大柠,完结,都市爱情,130851,82368,821
你我怎能辜负流年,故非尘,连载,婚姻家庭,130331,260135,49
念念不忘,燕绥,完结,校园甜宠,128704,100053,34
听说山上有只妖,禾一,完结,仙侠神话,126842,306030,164
权宠嫡妃：夫君，从了吧,小酒馆,完结,古代言情,126107,1586002,85
小世界,飘阿兮,完结,励志人生,124968,76519,112
请早点出现在我的生命中,伍月,连载,都市爱情,123736,389653,1
最好不过余生都是你,香香公主,完结,职场白领,123614,412363,239
给你一碗糖,蔺怀瑾,完结,都市爱情,181098,158549,508
Hello，新地球,全世界只剩一个人,完结,科幻未来,177866,329853,56
春风拂我,笙歌,完结,都市爱情,176113,130690,401
一口吃掉胖青梅,陆有匪,完结,青春校园,174564,197123,213
老公是我的大粉,禾一,完结,娱乐明星,173974,256543,2042
世界欠我一个初恋,安思源,完结,都市爱情,173782,212253,1103
北方有嘉人,花树熊,完结,校园甜宠,172635,235721,272
君未生,北方有佳人,完结,都市爱情,172570,899681,140
我和爱豆官宣了,弃弈,完结,娱乐明星,168339,373382,584
微安浮城,道听途说,完结,都市爱情,166399,114680,105
花田空间：农门小当家,小青菜,完结,种田经商,191147,385954,34
爱不起你的灯火阑珊,叶辰星,完结,都市爱情,191136,54640,137
无陆可逃,芙鸢贯青天,完结,都市爱情,190303,226491,230
再青春,辛夷坞,完结,都市爱情,190259,214585,513
你是我年少所有的秘密,三寻,完结,青春校园,190029,230583,159
你迟到的那些年,锦余,完结,都市爱情,187989,322958,395
小甜心,静女婉兮,完结,校园甜宠,186728,244532,384
你比蜜糖还要甜,下雨天,完结,校园甜宠,185090,201016,430
请在我的全世界留下,雨落空城,完结,婚姻家庭,183389,572103,266
有时甜,狸子小姐,完结,青春校园,182525,114784,564
我们（上）,辛夷坞,完结,青春校园,147064,138892,1047
我还是人吗,鹿可可,完结,校园甜宠,145877,305088,232
守护对决,泡泡雪儿,完结,都市爱情,145436,189384,106
一恋成鸳,汪汪汪,完结,都市爱情,143863,195668,292
不可控,凉久,完结,青春校园,143683,370025,559
你是我的光,雪梦城,完结,青春校园,143053,475443,412
陌上花开缓缓归,君慕倾,完结,古代言情,139800,306500,396
今夜意外降临,痴狂未戒,完结,推理破案,139701,210978,184
云深结海楼,晚乔,完结,青春校园,138915,113130,130
干了这杯小幸运,青丘山小花,完结,都市爱情,138518,200080,362
他掌心的温度,胭橙,完结,都市爱情,205579,227099,437
独家影后：BOSS今晚热搜见,咕咕鸡,完结,娱乐明星,204614,601614,174
酒很浓，你很甜,不二豆,完结,都市爱情,202407,253229,100
宝宝很乖，求表扬！,大芝,完结,都市爱情,199723,232578,306
我的今昔流年,小狗的目标,完结,都市爱情,198909,133380,154
听说你喜欢我,汪汪汪,完结,青春校园,197193,202463,1173
你口袋里有糖吗,一夜盛夏,完结,都市爱情,196018,133508,296
我的制服男神,泡泡雪儿,完结,都市爱情,195721,181180,326
当我遇见你,又绵,完结,娱乐明星,195204,218217,432
窗前白月光,青渔,完结,青春校园,193568,204316,242
眉眼所及皆是你,茉香奶绿,完结,都市爱情,269304,123507,533
满满都是我对你的爱,顾西爵,完结,都市爱情,268097,78796,1251
我依然在你身边,景行,完结,都市爱情,261808,124702,323
提灯夜行录,多多,完结,奇幻空间,261341,445136,438
拂过冬季到云来,夏茗悠,完结,青春校园,261233,165283,414
值我槐岁,薛念稚,完结,游戏竞技,257218,220224,2983
我被大佬锁死了,云星,完结,青春校园,248925,302325,763
你是我最美的光年,苏俞,完结,都市爱情,248069,278988,635
何所冬暖，何所夏凉,顾西爵,连载,都市爱情,244593,144450,904
帝星少将，来战吧,燕礼,连载,科幻未来,242630,141317,121
十年一品温如言,书海沧生,完结,都市爱情,231128,300099,1968
笙笙如我,红烧综子肉,完结,都市甜宠,230046,277772,432
为你思念成河,小酒馆,完结,职场白领,226887,643257,294
行止于南,宁九,完结,都市甜宠,224823,174013,230
和你在一起才是全世界,大柠,完结,都市爱情,221747,75982,1320
夜落慕九思,九思,完结,都市甜宠,221275,217745,245
在世界尽头遇见你,景行,完结,都市爱情,213348,144609,290
他在云之南,景行,完结,都市爱情,207067,226999,108
我还是很喜欢你,锦余,完结,都市甜宠,207041,121015,282
影帝的心尖宠,秋凉,完结,都市爱情,206101,563493,248
摆渡人 3 无境之爱,[英]克莱儿·麦克福尔,完结,外国文学,338591,134493,656
明月照笙歌,汪汪汪,完结,都市爱情,328855,235519,449
请你降落我身边,山与鹿岛,完结,都市爱情,322207,342869,534
微冉,阿拳,完结,都市甜宠,321970,218869,320
鲁丹鸟,常青,完结,都市爱情,292458,284972,17
男主又上线挖矿了,燕礼,完结,游戏竞技,291489,327509,238
谁让你过分可爱,夏沫溪溪,完结,校园甜宠,280072,203195,962
我一直在你身边,顾西爵,完结,都市爱情,278663,134370,1682
许你星年，慕你欢言,早安喵,完结,青春校园,278105,237763,509
你是我的星河璀璨,Krystal,完结,娱乐明星,270954,257194,1016
他来时有骄阳,忍冬,完结,校园甜宠,494685,237786,936
这个秘密有点甜,夏沫溪溪,完结,校园甜宠,484625,326928,650
她似奶糖,凉久,完结,校园甜宠,477614,321497,1162
十年如一，情深未远,稀饭吃土豆,完结,都市甜宠,440569,262490,473
最美遇见你,顾西爵,完结,都市爱情,430308,165759,2025
青梅味的你,曳寻,完结,青春校园,425374,182395,525
如果可以这样爱,千寻千寻,完结,都市爱情,424357,425344,239
女神饲养员,橘猫,完结,青春校园,397423,344406,962
摆渡人2 重返荒原,[英]克莱儿·麦克福尔,完结,外国文学,389383,145096,632
霸道总裁追妻路,七八九十,完结,总裁豪门,379674,1010705,237
余生还长，我只爱你,木木雨巷,完结,青春校园,713284,273929,1817
一剪成思,月轩,完结,推理破案,700371,223222,1801
轮回锁,花树熊,完结,玄幻言情,652035,287841,179
你是我的NO.1,红了容颜,完结,总裁豪门,592448,668541,1024
未言欢喜,Krystal,完结,青春校园,560004,210071,749
星星落在他头上,盛八夕,完结,校园甜宠,557331,246909,1066
蜜糖味的她,茉香奶绿,完结,校园甜宠,555563,203344,1190
他知道我的秘密,昭懿,完结,推理破案,552542,478052,2940
AWM归你，你归我,令茶,完结,游戏竞技,541161,668570,941
反常必有妖,暗暗柒,完结,都市爱情,514345,201558,501
春江花月夜,多多,完结,古代言情,1237867,235219,833
他来的那天，春风正好,青笛,连载,推理破案,1146836,189217,76
恶魔从不说谎,朽木骷髅,完结,悬疑推理,1130402,189910,70
将晚不晚,陆平生,完结,悬疑推理,1124705,150385,35
许我向你看,辛夷坞,完结,青春校园,1118497,443155,734
方圆十里,鹿酱,完结,都市爱情,1031150,408249,1806
你是我压在心底的那个人,雨落空城,完结,职场白领,948232,271761,685
他在阑珊处,燕七,完结,都市爱情,816548,193975,1301
时光有你，记忆成花,顾西爵,完结,都市爱情,752882,97578,2100
你的头号小可爱,宁萌,完结,校园甜宠,735425,172471,768
我念你如初,顾西爵,完结,都市爱情,17862534,121506,13379
南木向暖北枝寒,李依咪,完结,都市爱情,11019888,199460,5216
你是年少的欢喜,云星,完结,都市爱情,8301232,311786,7218
你的眼里有星辰,云星,完结,游戏竞技,5866832,499035,3751
破解学人精,李依咪,完结,青春校园,3741839,260521,2696
致我们终将逝去的青春,辛夷坞,完结,青春校园,3341503,277336,1082
夏威夷果不开门,李依咪,完结,青春校园,3263253,145665,3405
深渊之上,肥耳猫,完结,推理破案,3075299,306122,334
松庭疑案,燕一,完结,悬疑推理,2995921,505544,30
等风也等你,明月清萧,完结,推理破案,2990455,443320,505
抚生·孤暮朝夕,辛夷坞,完结,仙侠神话,1928105,232075,4570
秘密关系,甜栗荔枝,完结,推理破案,1844856,216410,130
同学录,书海沧生,完结,青春校园,1817380,444032,5595
云深不知处,Dendro,完结,古代言情,1775081,470999,440
医见倾心：你好，实习生,阳光暖暖,完结,职场白领,1605506,249881,2212
微风吹不走心动,迷漾,完结,都市爱情,1515054,168982,1988
往后余生都是你,大柠,完结,都市爱情,1497890,202899,3613
换你岁月静好,Dendro,完结,都市爱情,1452863,690777,532
人间告白,金鱼酱,完结,励志人生,1296923,82271,2482
驾校是他家开的,李依咪,完结,都市爱情,1247383,147547,2633
夜半三更别回头,富贵儿,完结,都市爱情,2825604,288621,16
不止一点甜,燕七,完结,都市甜宠,2809093,88157,1927
姑娘，你的98K掉了,云星,完结,游戏竞技,2763976,491493,1676
藏在打火机里的秘密,青禾,完结,推理破案,2627327,357588,649
星光下的他,褚七,完结,推理破案,2617398,217818,1802
她曾被杀,月酒酒,完结,推理破案,2486030,249131,69
他来时暖风过境,苏摩酒,完结,推理破案,2276225,220906,221
三人宴,海韵,完结,悬疑推理,2248391,267016,69
你好，头号嫌疑人,思清入骨,完结,推理破案,2145892,210989,57
妖孽请闭眼,海韵,完结,悬疑推理,2137848,221839,41